-- phpMyAdmin SQL Dump
-- version 4.8.5
-- https://www.phpmyadmin.net/
--
-- Host: 127.0.0.1
-- Generation Time: Jun 26, 2019 at 07:33 PM
-- Server version: 10.1.40-MariaDB
-- PHP Version: 7.3.5

SET SQL_MODE = "NO_AUTO_VALUE_ON_ZERO";
SET AUTOCOMMIT = 0;
START TRANSACTION;
SET time_zone = "+00:00";


/*!40101 SET @OLD_CHARACTER_SET_CLIENT=@@CHARACTER_SET_CLIENT */;
/*!40101 SET @OLD_CHARACTER_SET_RESULTS=@@CHARACTER_SET_RESULTS */;
/*!40101 SET @OLD_COLLATION_CONNECTION=@@COLLATION_CONNECTION */;
/*!40101 SET NAMES utf8mb4 */;

--
-- Database: `healthlifeispossible`
--

-- --------------------------------------------------------

--
-- Table structure for table `booking_info`
--

CREATE TABLE `booking_info` (
  `Appoint_id` int(11) NOT NULL,
  `Appoint_date` date DEFAULT NULL,
  `Appoint_time` varchar(15) DEFAULT NULL,
  `Client_id` varchar(15) DEFAULT NULL,
  `hcp_id` int(11) NOT NULL,
  `consult_id` int(11) NOT NULL,
  `status` varchar(15) NOT NULL
) ENGINE=InnoDB DEFAULT CHARSET=latin1;

--
-- Dumping data for table `booking_info`
--

INSERT INTO `booking_info` (`Appoint_id`, `Appoint_date`, `Appoint_time`, `Client_id`, `hcp_id`, `consult_id`, `status`) VALUES
(1, '2010-01-28', '14:00 - 15:00', '2012190284086', 0, 0, ''),
(2, '2010-07-10', '13:00 - 14:00', '7212170290085', 0, 0, ''),
(3, '2010-07-19', '7:00 - 9:00', '8807130418086', 0, 0, ''),
(4, '2010-08-01', '9:00 - 10:00', '4708110702087', 0, 0, ''),
(5, '2010-08-05', '9:00 - 10:00', '8610120779086', 0, 0, ''),
(6, '2010-08-13', '9:00 - 10:00', '9003280235085', 0, 0, ''),
(7, '2011-01-01', '10:00 - 12:00', '650402056081', 0, 0, ''),
(8, '2011-01-14', '8:00 - 10:00', '2808250506083', 0, 0, ''),
(9, '2011-01-16', '8:00 - 10:00', '4804180882084', 0, 0, ''),
(10, '2011-02-05', '13:00 - 14:00', '1512140600088', 0, 0, ''),
(11, '2011-02-05', '8:00 - 10:00', '9202010527088', 0, 0, ''),
(12, '2011-03-02', '10:00 - 12:00', '7902150410084', 0, 0, ''),
(13, '2011-03-06', '10:00 - 12:00', '630710012087', 0, 0, ''),
(14, '2011-03-10', '8:00 - 10:00', '9710230788081', 0, 0, ''),
(15, '2011-03-14', '7:00 - 9:00', '1908150375082', 0, 0, ''),
(16, '2011-04-08', '13:00 - 14:00', '7312050486084', 0, 0, ''),
(17, '2011-05-03', '9:00 - 10:00', '8009100659085', 0, 0, ''),
(18, '2011-05-28', '13:00 - 14:00', '5507140417085', 0, 0, ''),
(19, '2011-06-25', '9:00 - 10:00', '4708110702087', 0, 0, ''),
(20, '2011-06-27', '9:00 - 10:00', '1311240354085', 0, 0, ''),
(21, '2011-07-04', '7:00 - 9:00', '9710230788081', 0, 0, ''),
(22, '2011-07-11', '7:00 - 9:00', '4003100886084', 0, 0, ''),
(23, '2011-08-08', '7:00 - 9:00', '2709110853083', 0, 0, ''),
(24, '2011-08-27', '13:00 - 14:00', '9204240981082', 0, 0, ''),
(25, '2011-09-09', '7:00 - 9:00', '4512030696084', 0, 0, ''),
(26, '2011-10-07', '10:00 - 12:00', '2210130900088', 0, 0, ''),
(27, '2011-10-25', '13:00 - 14:00', '6509220788082', 0, 0, ''),
(28, '2011-10-26', '9:00 - 10:00', '400422050085', 0, 0, ''),
(29, '2011-11-27', '8:00 - 10:00', '8504060165087', 0, 0, ''),
(30, '2011-12-02', '13:00 - 14:00', '7701030854083', 0, 0, ''),
(31, '2011-12-04', '9:00 - 10:00', '4906270884086', 0, 0, ''),
(32, '2011-12-10', '13:00 - 14:00', '4812160561083', 0, 0, ''),
(33, '2012-01-06', '8:00 - 10:00', '1205040963082', 0, 0, ''),
(34, '2012-01-20', '13:00 - 14:00', '7808140304084', 0, 0, ''),
(35, '2012-01-20', '9:00 - 10:00', '8807130418086', 0, 0, ''),
(36, '2012-01-22', '10:00 - 12:00', '82032206087', 0, 0, ''),
(37, '2012-01-27', '8:00 - 10:00', '290611026087', 0, 0, ''),
(38, '2012-01-28', '10:00 - 12:00', '3503100678084', 0, 0, ''),
(39, '2012-02-01', '10:00 - 12:00', '3004230801084', 0, 0, ''),
(40, '2012-02-14', '7:00 - 9:00', '7312170466084', 0, 0, ''),
(41, '2012-02-20', '9:00 - 10:00', '2012200849081', 0, 0, ''),
(42, '2012-02-25', '10:00 - 12:00', '2809260609084', 0, 0, ''),
(43, '2012-03-07', '13:00 - 14:00', '7202270202087', 0, 0, ''),
(44, '2012-03-24', '9:00 - 10:00', '7701260528087', 0, 0, ''),
(45, '2012-03-26', '13:00 - 14:00', '630710012087', 0, 0, ''),
(46, '2012-04-06', '9:00 - 10:00', '2104030218083', 0, 0, ''),
(47, '2012-04-09', '10:00 - 12:00', '3601280328086', 0, 0, ''),
(48, '2012-04-09', '14:00 - 15:00', '3602250350086', 0, 0, ''),
(49, '2012-04-11', '14:00 - 15:00', '3001280724084', 0, 0, ''),
(50, '2012-04-12', '9:00 - 10:00', '4601060264085', 0, 0, ''),
(51, '2012-04-13', '10:00 - 12:00', '9212120894085', 0, 0, ''),
(52, '2012-04-19', '14:00 - 15:00', '4307190367081', 0, 0, ''),
(53, '2012-04-28', '10:00 - 12:00', '1203280171086', 0, 0, ''),
(54, '2012-05-11', '14:00 - 15:00', '9710010812081', 0, 0, ''),
(55, '2012-05-21', '9:00 - 10:00', '2303030988083', 0, 0, ''),
(56, '2012-05-22', '14:00 - 15:00', '2906040747081', 0, 0, ''),
(57, '2012-05-26', '7:00 - 9:00', '1307090536085', 0, 0, ''),
(58, '2012-05-26', '14:00 - 15:00', '8802220958083', 0, 0, ''),
(59, '2012-06-06', '9:00 - 10:00', '6102220345081', 0, 0, ''),
(60, '2012-06-08', '8:00 - 10:00', '2709210905082', 0, 0, ''),
(61, '2012-06-14', '9:00 - 10:00', '1504280313088', 0, 0, ''),
(62, '2012-06-25', '14:00 - 15:00', '3410210326084', 0, 0, ''),
(63, '2012-07-01', '7:00 - 9:00', '8612040918085', 0, 0, ''),
(64, '2012-07-04', '9:00 - 10:00', '7003050348086', 0, 0, ''),
(65, '2012-07-05', '7:00 - 9:00', '9109270875081', 0, 0, ''),
(66, '2012-07-10', '14:00 - 15:00', '5209150693082', 0, 0, ''),
(67, '2012-07-10', '14:00 - 15:00', '7202270202087', 0, 0, ''),
(68, '2012-07-11', '9:00 - 10:00', '8612040918085', 0, 0, ''),
(69, '2012-07-14', '9:00 - 10:00', '8906120948084', 0, 0, ''),
(70, '2012-07-15', '7:00 - 9:00', '8004280354084', 0, 0, ''),
(71, '2012-07-16', '10:00 - 12:00', '1810160413088', 0, 0, ''),
(72, '2012-08-15', '7:00 - 9:00', '7906010195081', 0, 0, ''),
(73, '2012-08-19', '7:00 - 9:00', '6605260331087', 0, 0, ''),
(74, '2012-09-05', '7:00 - 9:00', '8504060165087', 0, 0, ''),
(75, '2012-09-23', '10:00 - 12:00', '1302080439088', 0, 0, ''),
(76, '2012-09-26', '13:00 - 14:00', '9403280679088', 0, 0, ''),
(77, '2012-10-01', '8:00 - 10:00', '1011060902084', 0, 0, ''),
(78, '2012-10-05', '9:00 - 10:00', '7906010195081', 0, 0, ''),
(79, '2012-10-14', '7:00 - 9:00', '9504060158084', 0, 0, ''),
(80, '2012-10-24', '10:00 - 12:00', '2303030988083', 0, 0, ''),
(81, '2012-10-25', '13:00 - 14:00', '1203280171086', 0, 0, ''),
(82, '2012-11-04', '14:00 - 15:00', '1203280171086', 0, 0, ''),
(83, '2012-11-19', '8:00 - 10:00', '640428082086', 0, 0, ''),
(84, '2012-11-22', '10:00 - 12:00', '2805070756085', 0, 0, ''),
(85, '2012-11-26', '9:00 - 10:00', '1805020907085', 0, 0, ''),
(86, '2012-12-01', '14:00 - 15:00', '7212170290085', 0, 0, ''),
(87, '2012-12-06', '13:00 - 14:00', '510523033088', 0, 0, ''),
(88, '2012-12-06', '7:00 - 9:00', '1007230144085', 0, 0, ''),
(89, '2012-12-07', '10:00 - 12:00', '8610120779086', 0, 0, ''),
(90, '2012-12-11', '9:00 - 10:00', '2703080994088', 0, 0, ''),
(91, '2012-12-19', '7:00 - 9:00', '2109180750085', 0, 0, ''),
(92, '2012-12-28', '9:00 - 10:00', '6408200513081', 0, 0, ''),
(93, '2013-01-01', '13:00 - 14:00', '2102130913085', 0, 0, ''),
(94, '2013-01-03', '13:00 - 14:00', '1104280343081', 0, 0, ''),
(95, '2013-01-04', '9:00 - 10:00', '4510260369082', 0, 0, ''),
(96, '2013-01-05', '9:00 - 10:00', '3909170450081', 0, 0, ''),
(97, '2013-01-05', '13:00 - 14:00', '7902150410084', 0, 0, ''),
(98, '2013-01-06', '10:00 - 12:00', '6201140807084', 0, 0, ''),
(99, '2013-01-09', '14:00 - 15:00', '5505090581082', 0, 0, ''),
(100, '2013-01-11', '10:00 - 12:00', '1311240354085', 0, 0, ''),
(101, '2013-01-11', '13:00 - 14:00', '9411220643082', 0, 0, ''),
(102, '2013-01-16', '14:00 - 15:00', '8409280542088', 0, 0, ''),
(103, '2013-01-20', '14:00 - 15:00', '1512170591085', 0, 0, ''),
(104, '2013-01-22', '10:00 - 12:00', '2011240231088', 0, 0, ''),
(105, '2013-01-23', '9:00 - 10:00', '3505100334081', 0, 0, ''),
(106, '2013-01-26', '10:00 - 12:00', '5706150123087', 0, 0, ''),
(107, '2013-02-01', '9:00 - 10:00', '2709110853083', 0, 0, ''),
(108, '2013-02-02', '7:00 - 9:00', '9701100285087', 0, 0, ''),
(109, '2013-02-03', '13:00 - 14:00', '3508030550085', 0, 0, ''),
(110, '2013-02-03', '14:00 - 15:00', '5703210321082', 0, 0, ''),
(111, '2013-02-05', '13:00 - 14:00', '7704070438085', 0, 0, ''),
(112, '2013-02-05', '10:00 - 12:00', '9706130545082', 0, 0, ''),
(113, '2013-02-06', '7:00 - 9:00', '3605040496081', 0, 0, ''),
(114, '2013-02-07', '14:00 - 15:00', '1906040694086', 0, 0, ''),
(115, '2013-02-09', '14:00 - 15:00', '3902120576083', 0, 0, ''),
(116, '2013-02-09', '8:00 - 10:00', '8511250864088', 0, 0, ''),
(117, '2013-02-18', '8:00 - 10:00', '1203280171086', 0, 0, ''),
(118, '2013-02-20', '13:00 - 14:00', '6705050635085', 0, 0, ''),
(119, '2013-02-21', '8:00 - 10:00', '4702060556086', 0, 0, ''),
(120, '2013-02-22', '13:00 - 14:00', '3305280817081', 0, 0, ''),
(121, '2013-02-25', '10:00 - 12:00', '8807130418086', 0, 0, ''),
(122, '2013-02-26', '14:00 - 15:00', '3508130716085', 0, 0, ''),
(123, '2013-03-01', '10:00 - 12:00', '400422050085', 0, 0, ''),
(124, '2013-03-01', '9:00 - 10:00', '9311100557082', 0, 0, ''),
(125, '2013-03-02', '7:00 - 9:00', '521023092081', 0, 0, ''),
(126, '2013-03-06', '10:00 - 12:00', '5308230754082', 0, 0, ''),
(127, '2013-03-11', '14:00 - 15:00', '9403280679088', 0, 0, ''),
(128, '2013-03-12', '8:00 - 10:00', '2711130236088', 0, 0, ''),
(129, '2013-03-12', '7:00 - 9:00', '3610150249083', 0, 0, ''),
(130, '2013-03-12', '9:00 - 10:00', '5001070584088', 0, 0, ''),
(131, '2013-03-12', '9:00 - 10:00', '6803160923084', 0, 0, ''),
(132, '2013-03-14', '10:00 - 12:00', '1204030632082', 0, 0, ''),
(133, '2013-03-16', '10:00 - 12:00', '1504280313088', 0, 0, ''),
(134, '2013-03-16', '10:00 - 12:00', '8906120948084', 0, 0, ''),
(135, '2013-03-17', '14:00 - 15:00', '8209260885087', 0, 0, ''),
(136, '2013-03-22', '8:00 - 10:00', '1107230618084', 0, 0, ''),
(137, '2013-03-24', '7:00 - 9:00', '1011060902084', 0, 0, ''),
(138, '2013-03-24', '10:00 - 12:00', '6509050392085', 0, 0, ''),
(139, '2013-04-03', '13:00 - 14:00', '2210130900088', 0, 0, ''),
(140, '2013-04-04', '13:00 - 14:00', '3601280328086', 0, 0, ''),
(141, '2013-04-04', '7:00 - 9:00', '4905080506087', 0, 0, ''),
(142, '2013-04-05', '9:00 - 10:00', '5307060340088', 0, 0, ''),
(143, '2013-04-05', '8:00 - 10:00', '6204260308088', 0, 0, ''),
(144, '2013-04-05', '8:00 - 10:00', '6907130694085', 0, 0, ''),
(145, '2013-04-06', '8:00 - 10:00', '2205140565082', 0, 0, ''),
(146, '2013-04-06', '7:00 - 9:00', '4202160138084', 0, 0, ''),
(147, '2013-04-07', '7:00 - 9:00', '2709210905082', 0, 0, ''),
(148, '2013-04-07', '10:00 - 12:00', '6808120518082', 0, 0, ''),
(149, '2013-04-09', '10:00 - 12:00', '5212190473083', 0, 0, ''),
(150, '2013-04-10', '13:00 - 14:00', '82032206087', 0, 0, ''),
(151, '2013-04-10', '10:00 - 12:00', '7002130927081', 0, 0, ''),
(152, '2013-04-11', '13:00 - 14:00', '3911070339085', 0, 0, ''),
(153, '2013-04-11', '7:00 - 9:00', '5202230409086', 0, 0, ''),
(154, '2013-04-14', '9:00 - 10:00', '3509040348083', 0, 0, ''),
(155, '2013-04-15', '7:00 - 9:00', '2205140565082', 0, 0, ''),
(156, '2013-04-17', '10:00 - 12:00', '7004060440082', 0, 0, ''),
(157, '2013-04-19', '13:00 - 14:00', '5512160318087', 0, 0, ''),
(158, '2013-04-21', '8:00 - 10:00', '1003280163086', 0, 0, ''),
(159, '2013-04-22', '9:00 - 10:00', '4003100886084', 0, 0, ''),
(160, '2013-04-22', '9:00 - 10:00', '9606270939081', 0, 0, ''),
(161, '2013-04-28', '13:00 - 14:00', '660620054086', 0, 0, ''),
(162, '2013-04-28', '14:00 - 15:00', '9204240981082', 0, 0, ''),
(163, '2013-05-04', '7:00 - 9:00', '6308240548084', 0, 0, ''),
(164, '2013-05-07', '9:00 - 10:00', '2605130248088', 0, 0, ''),
(165, '2013-05-07', '14:00 - 15:00', '7902150410084', 0, 0, ''),
(166, '2013-05-07', '10:00 - 12:00', '7912110951087', 0, 0, ''),
(167, '2013-05-08', '13:00 - 14:00', '4910190324088', 0, 0, ''),
(168, '2013-05-11', '7:00 - 9:00', '1803090222085', 0, 0, ''),
(169, '2013-05-17', '10:00 - 12:00', '2707050803087', 0, 0, ''),
(170, '2013-05-21', '14:00 - 15:00', '8907090202087', 0, 0, ''),
(171, '2013-05-22', '9:00 - 10:00', '5901150381088', 0, 0, ''),
(172, '2013-05-23', '8:00 - 10:00', '6803010610087', 0, 0, ''),
(173, '2013-05-24', '14:00 - 15:00', '151021036088', 0, 0, ''),
(174, '2013-05-27', '7:00 - 9:00', '9408100658087', 0, 0, ''),
(175, '2013-05-28', '10:00 - 12:00', '4601060264085', 0, 0, ''),
(176, '2013-06-02', '10:00 - 12:00', '7906010195081', 0, 0, ''),
(177, '2013-06-06', '9:00 - 10:00', '8709250986088', 0, 0, ''),
(178, '2013-06-11', '8:00 - 10:00', '2012190284086', 0, 0, ''),
(179, '2013-06-11', '10:00 - 12:00', '2201120350085', 0, 0, ''),
(180, '2013-06-12', '7:00 - 9:00', '8810240788083', 0, 0, ''),
(181, '2013-06-19', '10:00 - 12:00', '4512220543086', 0, 0, ''),
(182, '2013-06-20', '13:00 - 14:00', '7912110951087', 0, 0, ''),
(183, '2013-06-21', '10:00 - 12:00', '7707250934088', 0, 0, ''),
(184, '2013-06-23', '13:00 - 14:00', '7906010195081', 0, 0, ''),
(185, '2013-06-26', '7:00 - 9:00', '7410130630081', 0, 0, ''),
(186, '2013-06-27', '10:00 - 12:00', '2703080994088', 0, 0, ''),
(187, '2013-07-01', '13:00 - 14:00', '2703080994088', 0, 0, ''),
(188, '2013-07-02', '7:00 - 9:00', '640428082086', 0, 0, ''),
(189, '2013-07-02', '7:00 - 9:00', '2804220399085', 0, 0, ''),
(190, '2013-07-02', '10:00 - 12:00', '5608010370088', 0, 0, ''),
(191, '2013-07-03', '13:00 - 14:00', '2303030988083', 0, 0, ''),
(192, '2013-07-09', '9:00 - 10:00', '521023092081', 0, 0, ''),
(193, '2013-07-09', '14:00 - 15:00', '6609200993085', 0, 0, ''),
(194, '2013-07-11', '7:00 - 9:00', '9103060340082', 0, 0, ''),
(195, '2013-07-12', '7:00 - 9:00', '6803010610087', 0, 0, ''),
(196, '2013-07-12', '7:00 - 9:00', '9307040620082', 0, 0, ''),
(197, '2013-07-14', '8:00 - 10:00', '4911280960085', 0, 0, ''),
(198, '2013-07-17', '9:00 - 10:00', '2804220399085', 0, 0, ''),
(199, '2013-07-17', '14:00 - 15:00', '3305280817081', 0, 0, ''),
(200, '2013-07-18', '10:00 - 12:00', '2309220589087', 0, 0, ''),
(201, '2013-07-18', '14:00 - 15:00', '9012110306084', 0, 0, ''),
(202, '2013-07-20', '8:00 - 10:00', '2411070180081', 0, 0, ''),
(203, '2013-07-20', '13:00 - 14:00', '3004230801084', 0, 0, ''),
(204, '2013-07-20', '14:00 - 15:00', '3605090332085', 0, 0, ''),
(205, '2013-07-20', '8:00 - 10:00', '5008230824086', 0, 0, ''),
(206, '2013-07-21', '13:00 - 14:00', '7707250934088', 0, 0, ''),
(207, '2013-07-26', '14:00 - 15:00', '2704170868088', 0, 0, ''),
(208, '2013-07-27', '13:00 - 14:00', '9110230494081', 0, 0, ''),
(209, '2013-08-05', '13:00 - 14:00', '341216047088', 0, 0, ''),
(210, '2013-08-05', '7:00 - 9:00', '451201089085', 0, 0, ''),
(211, '2013-08-06', '9:00 - 10:00', '1805020907085', 0, 0, ''),
(212, '2013-08-08', '13:00 - 14:00', '1003250239088', 0, 0, ''),
(213, '2013-08-08', '8:00 - 10:00', '3602250350086', 0, 0, ''),
(214, '2013-08-11', '13:00 - 14:00', '1204030632082', 0, 0, ''),
(215, '2013-08-12', '7:00 - 9:00', '4102140915085', 0, 0, ''),
(216, '2013-08-12', '8:00 - 10:00', '8703170594084', 0, 0, ''),
(217, '2013-08-13', '9:00 - 10:00', '4308010928085', 0, 0, ''),
(218, '2013-08-13', '14:00 - 15:00', '4509140295084', 0, 0, ''),
(219, '2013-08-18', '9:00 - 10:00', '2111130577081', 0, 0, ''),
(220, '2013-08-19', '8:00 - 10:00', '5703210321082', 0, 0, ''),
(221, '2013-08-20', '13:00 - 14:00', '5002080660085', 0, 0, ''),
(222, '2013-08-22', '13:00 - 14:00', '4710160845084', 0, 0, ''),
(223, '2013-08-25', '13:00 - 14:00', '6201140807084', 0, 0, ''),
(224, '2013-08-27', '14:00 - 15:00', '6201140807084', 0, 0, ''),
(225, '2013-09-01', '10:00 - 12:00', '7205020213082', 0, 0, ''),
(226, '2013-09-01', '8:00 - 10:00', '7212170290085', 0, 0, ''),
(227, '2013-09-02', '7:00 - 9:00', '290611026087', 0, 0, ''),
(228, '2013-09-03', '9:00 - 10:00', '1011060902084', 0, 0, ''),
(229, '2013-09-03', '10:00 - 12:00', '2709110853083', 0, 0, ''),
(230, '2013-09-03', '9:00 - 10:00', '2709210905082', 0, 0, ''),
(231, '2013-09-03', '7:00 - 9:00', '9908260536088', 0, 0, ''),
(232, '2013-09-05', '8:00 - 10:00', '4211180586086', 0, 0, ''),
(233, '2013-09-07', '7:00 - 9:00', '5704100297086', 0, 0, ''),
(234, '2013-09-08', '10:00 - 12:00', '6602070398082', 0, 0, ''),
(235, '2013-09-10', '14:00 - 15:00', '5512160318087', 0, 0, ''),
(236, '2013-09-11', '7:00 - 9:00', '2411070180081', 0, 0, ''),
(237, '2013-09-11', '13:00 - 14:00', '5608010370088', 0, 0, ''),
(238, '2013-09-11', '10:00 - 12:00', '9311100557082', 0, 0, ''),
(239, '2013-09-12', '8:00 - 10:00', '740501094086', 0, 0, ''),
(240, '2013-09-12', '8:00 - 10:00', '2009210740082', 0, 0, ''),
(241, '2013-09-12', '14:00 - 15:00', '7907160124082', 0, 0, ''),
(242, '2013-09-13', '7:00 - 9:00', '8104260177081', 0, 0, ''),
(243, '2013-09-14', '13:00 - 14:00', '730823030086', 0, 0, ''),
(244, '2013-09-14', '13:00 - 14:00', '3810250735087', 0, 0, ''),
(245, '2013-09-19', '14:00 - 15:00', '7707250934088', 0, 0, ''),
(246, '2013-09-22', '7:00 - 9:00', '5612220214081', 0, 0, ''),
(247, '2013-09-23', '13:00 - 14:00', '2309220589087', 0, 0, ''),
(248, '2013-09-23', '9:00 - 10:00', '7108280360087', 0, 0, ''),
(249, '2013-09-24', '7:00 - 9:00', '1107230618084', 0, 0, ''),
(250, '2013-09-25', '7:00 - 9:00', '3208130215083', 0, 0, ''),
(251, '2013-09-28', '9:00 - 10:00', '2007100717086', 0, 0, ''),
(252, '2013-09-28', '7:00 - 9:00', '4211180586086', 0, 0, ''),
(253, '2013-10-01', '9:00 - 10:00', '3208130215083', 0, 0, ''),
(254, '2013-10-01', '10:00 - 12:00', '8902010959088', 0, 0, ''),
(255, '2013-10-02', '9:00 - 10:00', '1908150375082', 0, 0, ''),
(256, '2013-10-02', '14:00 - 15:00', '9412180136082', 0, 0, ''),
(257, '2013-10-07', '14:00 - 15:00', '1401030341085', 0, 0, ''),
(258, '2013-10-07', '8:00 - 10:00', '3508130716085', 0, 0, ''),
(259, '2013-10-08', '10:00 - 12:00', '2709210905082', 0, 0, ''),
(260, '2013-10-10', '7:00 - 9:00', '2711130236088', 0, 0, ''),
(261, '2013-10-17', '9:00 - 10:00', '8810240788083', 0, 0, ''),
(262, '2013-10-18', '8:00 - 10:00', '8802220958083', 0, 0, ''),
(263, '2013-10-20', '10:00 - 12:00', '9003280235085', 0, 0, ''),
(264, '2013-10-24', '14:00 - 15:00', '7912110951087', 0, 0, ''),
(265, '2013-10-25', '14:00 - 15:00', '531127094084', 0, 0, ''),
(266, '2013-11-01', '9:00 - 10:00', '4211180586086', 0, 0, ''),
(267, '2013-11-02', '10:00 - 12:00', '5109040274081', 0, 0, ''),
(268, '2013-11-02', '8:00 - 10:00', '6209040562083', 0, 0, ''),
(269, '2013-11-03', '13:00 - 14:00', '6802050633083', 0, 0, ''),
(270, '2013-11-03', '10:00 - 12:00', '9109140754088', 0, 0, ''),
(271, '2013-11-07', '10:00 - 12:00', '521023092081', 0, 0, ''),
(272, '2013-11-10', '7:00 - 9:00', '6204260308088', 0, 0, ''),
(273, '2013-11-10', '9:00 - 10:00', '7805110427084', 0, 0, ''),
(274, '2013-11-14', '14:00 - 15:00', '5907270761084', 0, 0, ''),
(275, '2013-11-15', '13:00 - 14:00', '7002130927081', 0, 0, ''),
(276, '2013-11-16', '7:00 - 9:00', '4804180882084', 0, 0, ''),
(277, '2013-11-18', '9:00 - 10:00', '2907080814082', 0, 0, ''),
(278, '2013-11-19', '14:00 - 15:00', '6311250169086', 0, 0, ''),
(279, '2013-11-21', '14:00 - 15:00', '660620054086', 0, 0, ''),
(280, '2013-11-21', '14:00 - 15:00', '2309220589087', 0, 0, ''),
(281, '2013-11-21', '13:00 - 14:00', '6602070398082', 0, 0, ''),
(282, '2013-11-23', '8:00 - 10:00', '4508260675083', 0, 0, ''),
(283, '2013-11-23', '8:00 - 10:00', '9412180136082', 0, 0, ''),
(284, '2013-12-01', '7:00 - 9:00', '7212170290085', 0, 0, ''),
(285, '2013-12-04', '7:00 - 9:00', '6910130773087', 0, 0, ''),
(286, '2013-12-07', '13:00 - 14:00', '521023092081', 0, 0, ''),
(287, '2013-12-07', '14:00 - 15:00', '3801170828084', 0, 0, ''),
(288, '2013-12-08', '13:00 - 14:00', '1311240354085', 0, 0, ''),
(289, '2013-12-08', '8:00 - 10:00', '8008280468086', 0, 0, ''),
(290, '2013-12-09', '13:00 - 14:00', '2109050549084', 0, 0, ''),
(291, '2013-12-09', '9:00 - 10:00', '2411070180081', 0, 0, ''),
(292, '2013-12-09', '9:00 - 10:00', '5612220214081', 0, 0, ''),
(293, '2013-12-10', '10:00 - 12:00', '4005040289082', 0, 0, ''),
(294, '2013-12-12', '10:00 - 12:00', '8009100659085', 0, 0, ''),
(295, '2013-12-15', '7:00 - 9:00', '5910030388087', 0, 0, ''),
(296, '2013-12-15', '9:00 - 10:00', '9408100658087', 0, 0, ''),
(297, '2013-12-17', '9:00 - 10:00', '4103240120082', 0, 0, ''),
(298, '2013-12-20', '13:00 - 14:00', '8105100593086', 0, 0, ''),
(299, '2013-12-21', '8:00 - 10:00', '1412130177086', 0, 0, ''),
(300, '2013-12-21', '8:00 - 10:00', '7907160124082', 0, 0, ''),
(301, '2013-12-26', '9:00 - 10:00', '5009140926088', 0, 0, ''),
(302, '2013-12-27', '13:00 - 14:00', '4111180106083', 0, 0, ''),
(303, '2013-12-27', '13:00 - 14:00', '5109040274081', 0, 0, ''),
(304, '2013-12-28', '8:00 - 10:00', '531127094084', 0, 0, ''),
(305, '2013-12-28', '8:00 - 10:00', '8301170304085', 0, 0, ''),
(306, '2014-01-02', '13:00 - 14:00', '8103140774084', 0, 0, ''),
(307, '2014-01-03', '10:00 - 12:00', '4104200140083', 0, 0, ''),
(308, '2014-01-03', '13:00 - 14:00', '5308230754082', 0, 0, ''),
(309, '2014-01-07', '13:00 - 14:00', '4511070585086', 0, 0, ''),
(310, '2014-01-07', '13:00 - 14:00', '5212190473083', 0, 0, ''),
(311, '2014-01-09', '14:00 - 15:00', '4812160561083', 0, 0, ''),
(312, '2014-01-19', '8:00 - 10:00', '3001280724084', 0, 0, ''),
(313, '2014-01-23', '8:00 - 10:00', '8807180866088', 0, 0, ''),
(314, '2014-01-25', '8:00 - 10:00', '5512160318087', 0, 0, ''),
(315, '2014-01-28', '7:00 - 9:00', '3508130716085', 0, 0, ''),
(316, '2014-02-02', '7:00 - 9:00', '3306170196085', 0, 0, ''),
(317, '2014-02-05', '7:00 - 9:00', '9412180136082', 0, 0, ''),
(318, '2014-02-10', '9:00 - 10:00', '8306110412083', 0, 0, ''),
(319, '2014-02-11', '13:00 - 14:00', '3503100678084', 0, 0, ''),
(320, '2014-02-14', '13:00 - 14:00', '7009130331088', 0, 0, ''),
(321, '2014-02-18', '13:00 - 14:00', '8006220732085', 0, 0, ''),
(322, '2014-02-20', '13:00 - 14:00', '4104200140083', 0, 0, ''),
(323, '2014-02-21', '9:00 - 10:00', '7505030416082', 0, 0, ''),
(324, '2014-02-25', '13:00 - 14:00', '8902010959088', 0, 0, ''),
(325, '2014-03-01', '9:00 - 10:00', '7306050161086', 0, 0, ''),
(326, '2014-03-03', '7:00 - 9:00', '6511130973087', 0, 0, ''),
(327, '2014-03-13', '8:00 - 10:00', '851123068082', 0, 0, ''),
(328, '2014-03-17', '9:00 - 10:00', '4004220578084', 0, 0, ''),
(329, '2014-03-19', '9:00 - 10:00', '1311040718081', 0, 0, ''),
(330, '2014-03-22', '13:00 - 14:00', '4512220543086', 0, 0, ''),
(331, '2014-03-23', '7:00 - 9:00', '740501094086', 0, 0, ''),
(332, '2014-03-25', '8:00 - 10:00', '3605090332085', 0, 0, ''),
(333, '2014-03-26', '9:00 - 10:00', '6308240548084', 0, 0, ''),
(334, '2014-04-04', '9:00 - 10:00', '780622020088', 0, 0, ''),
(335, '2014-04-06', '14:00 - 15:00', '1003250239088', 0, 0, ''),
(336, '2014-04-12', '8:00 - 10:00', '9109150355087', 0, 0, ''),
(337, '2014-04-14', '9:00 - 10:00', '6605260331087', 0, 0, ''),
(338, '2014-04-23', '13:00 - 14:00', '7411170290083', 0, 0, ''),
(339, '2014-04-25', '8:00 - 10:00', '4509140295084', 0, 0, ''),
(340, '2014-04-26', '7:00 - 9:00', '9601060188087', 0, 0, ''),
(341, '2014-05-02', '14:00 - 15:00', '5507140417085', 0, 0, ''),
(342, '2014-05-06', '13:00 - 14:00', '2005130271081', 0, 0, ''),
(343, '2014-05-06', '10:00 - 12:00', '3708100193088', 0, 0, ''),
(344, '2014-05-06', '8:00 - 10:00', '8501030560088', 0, 0, ''),
(345, '2014-05-08', '13:00 - 14:00', '4005040289082', 0, 0, ''),
(346, '2014-05-08', '10:00 - 12:00', '5206110625085', 0, 0, ''),
(347, '2014-05-17', '14:00 - 15:00', '630710012087', 0, 0, ''),
(348, '2014-05-17', '9:00 - 10:00', '5202230409086', 0, 0, ''),
(349, '2014-05-23', '13:00 - 14:00', '7511030931085', 0, 0, ''),
(350, '2014-05-24', '9:00 - 10:00', '9109270875081', 0, 0, ''),
(351, '2014-05-27', '8:00 - 10:00', '660620054086', 0, 0, ''),
(352, '2014-05-27', '10:00 - 12:00', '7108280360087', 0, 0, ''),
(353, '2014-05-27', '9:00 - 10:00', '9504060158084', 0, 0, ''),
(354, '2014-06-01', '10:00 - 12:00', '5805130165085', 0, 0, ''),
(355, '2014-06-04', '14:00 - 15:00', '6705050635085', 0, 0, ''),
(356, '2014-06-07', '8:00 - 10:00', '3912200408082', 0, 0, ''),
(357, '2014-06-09', '14:00 - 15:00', '8006220732085', 0, 0, ''),
(358, '2014-06-13', '8:00 - 10:00', '5507140417085', 0, 0, ''),
(359, '2014-06-14', '14:00 - 15:00', '6802050633083', 0, 0, ''),
(360, '2014-06-14', '14:00 - 15:00', '7412210788083', 0, 0, ''),
(361, '2014-06-14', '7:00 - 9:00', '8301170304085', 0, 0, ''),
(362, '2014-06-15', '13:00 - 14:00', '400422050085', 0, 0, ''),
(363, '2014-06-15', '8:00 - 10:00', '8907280730087', 0, 0, ''),
(364, '2014-07-14', '9:00 - 10:00', '640428082086', 0, 0, ''),
(365, '2014-07-15', '14:00 - 15:00', '2210130900088', 0, 0, ''),
(366, '2014-07-15', '8:00 - 10:00', '2704170868088', 0, 0, ''),
(367, '2014-07-16', '14:00 - 15:00', '5109040274081', 0, 0, ''),
(368, '2014-07-18', '9:00 - 10:00', '2711130236088', 0, 0, ''),
(369, '2014-07-18', '9:00 - 10:00', '6204260308088', 0, 0, ''),
(370, '2014-07-20', '8:00 - 10:00', '9403280679088', 0, 0, ''),
(371, '2014-07-26', '9:00 - 10:00', '5602060518087', 0, 0, ''),
(372, '2014-07-28', '7:00 - 9:00', '1603220911086', 0, 0, ''),
(373, '2014-07-28', '9:00 - 10:00', '5505230875081', 0, 0, ''),
(374, '2014-08-01', '14:00 - 15:00', '8103140774084', 0, 0, ''),
(375, '2014-08-05', '8:00 - 10:00', '6609200993085', 0, 0, ''),
(376, '2014-08-09', '7:00 - 9:00', '8703170594084', 0, 0, ''),
(377, '2014-08-10', '14:00 - 15:00', '1501200671081', 0, 0, ''),
(378, '2014-08-10', '8:00 - 10:00', '7202270202087', 0, 0, ''),
(379, '2014-08-11', '8:00 - 10:00', '5304280232082', 0, 0, ''),
(380, '2014-08-12', '7:00 - 9:00', '2902030264083', 0, 0, ''),
(381, '2014-08-15', '8:00 - 10:00', '9204240981082', 0, 0, ''),
(382, '2014-08-16', '13:00 - 14:00', '5805130165085', 0, 0, ''),
(383, '2014-08-20', '13:00 - 14:00', '9509040129082', 0, 0, ''),
(384, '2014-08-21', '13:00 - 14:00', '5206110625085', 0, 0, ''),
(385, '2014-08-23', '7:00 - 9:00', '8907280730087', 0, 0, ''),
(386, '2014-08-24', '10:00 - 12:00', '2907080814082', 0, 0, ''),
(387, '2014-08-27', '14:00 - 15:00', '6509220788082', 0, 0, ''),
(388, '2014-09-01', '8:00 - 10:00', '2811170937087', 0, 0, ''),
(389, '2014-09-01', '8:00 - 10:00', '7106160389084', 0, 0, ''),
(390, '2014-09-02', '8:00 - 10:00', '3411260488085', 0, 0, ''),
(391, '2014-09-03', '7:00 - 9:00', '3001280724084', 0, 0, ''),
(392, '2014-09-07', '7:00 - 9:00', '4509220879086', 0, 0, ''),
(393, '2014-09-07', '10:00 - 12:00', '6408200513081', 0, 0, ''),
(394, '2014-09-09', '13:00 - 14:00', '2201120350085', 0, 0, ''),
(395, '2014-09-11', '9:00 - 10:00', '290611026087', 0, 0, ''),
(396, '2014-09-12', '13:00 - 14:00', '8610120779086', 0, 0, ''),
(397, '2014-09-20', '10:00 - 12:00', '9911090794084', 0, 0, ''),
(398, '2014-09-28', '7:00 - 9:00', '7106160389084', 0, 0, ''),
(399, '2014-09-28', '9:00 - 10:00', '7410130630081', 0, 0, ''),
(400, '2014-10-02', '9:00 - 10:00', '9910120124085', 0, 0, ''),
(401, '2014-10-03', '13:00 - 14:00', '9010200680087', 0, 0, ''),
(402, '2014-10-07', '14:00 - 15:00', '1709280678088', 0, 0, ''),
(403, '2014-10-10', '10:00 - 12:00', '5507130805081', 0, 0, ''),
(404, '2014-10-10', '7:00 - 9:00', '7801120638083', 0, 0, ''),
(405, '2014-10-10', '14:00 - 15:00', '8902010959088', 0, 0, ''),
(406, '2014-10-16', '13:00 - 14:00', '2008190919082', 0, 0, ''),
(407, '2014-10-17', '7:00 - 9:00', '6706260635082', 0, 0, ''),
(408, '2014-10-18', '10:00 - 12:00', '3909170450081', 0, 0, ''),
(409, '2014-10-19', '13:00 - 14:00', '1302080439088', 0, 0, ''),
(410, '2014-11-05', '8:00 - 10:00', '7912110951087', 0, 0, ''),
(411, '2014-11-17', '8:00 - 10:00', '3305280817081', 0, 0, ''),
(412, '2014-11-19', '14:00 - 15:00', '2008190919082', 0, 0, ''),
(413, '2014-11-25', '9:00 - 10:00', '2902030264083', 0, 0, ''),
(414, '2014-11-25', '7:00 - 9:00', '3809260231088', 0, 0, ''),
(415, '2014-11-27', '8:00 - 10:00', '2210130900088', 0, 0, ''),
(416, '2014-12-07', '9:00 - 10:00', '1107230618084', 0, 0, ''),
(417, '2014-12-13', '14:00 - 15:00', '4504280921086', 0, 0, ''),
(418, '2014-12-24', '7:00 - 9:00', '2704170868088', 0, 0, ''),
(419, '2014-12-25', '7:00 - 9:00', '531127094084', 0, 0, ''),
(420, '2014-12-26', '10:00 - 12:00', '1012070281082', 0, 0, ''),
(421, '2014-12-27', '7:00 - 9:00', '5505120413085', 0, 0, ''),
(422, '2014-12-28', '7:00 - 9:00', '6609200993085', 0, 0, ''),
(423, '2015-01-01', '8:00 - 10:00', '7809130240082', 0, 0, ''),
(424, '2015-01-06', '13:00 - 14:00', '8502060290083', 0, 0, ''),
(425, '2015-01-14', '9:00 - 10:00', '5705080129087', 0, 0, ''),
(426, '2015-01-15', '9:00 - 10:00', '960124047081', 0, 0, ''),
(427, '2015-01-17', '9:00 - 10:00', '8101060996085', 0, 0, ''),
(428, '2015-01-20', '7:00 - 9:00', '5512160318087', 0, 0, ''),
(429, '2015-01-26', '7:00 - 9:00', '950310057086', 0, 0, ''),
(430, '2015-02-03', '8:00 - 10:00', '1501200671081', 0, 0, ''),
(431, '2015-02-04', '7:00 - 9:00', '2009210740082', 0, 0, ''),
(432, '2015-02-07', '14:00 - 15:00', '7009130331088', 0, 0, ''),
(433, '2015-02-07', '9:00 - 10:00', '8309040682084', 0, 0, ''),
(434, '2015-02-08', '10:00 - 12:00', '2902030264083', 0, 0, ''),
(435, '2015-02-10', '9:00 - 10:00', '1007230144085', 0, 0, ''),
(436, '2015-02-12', '7:00 - 9:00', '1412130177086', 0, 0, ''),
(437, '2015-02-21', '10:00 - 12:00', '6711170133088', 0, 0, ''),
(438, '2015-02-22', '10:00 - 12:00', '8508170901082', 0, 0, ''),
(439, '2015-02-26', '7:00 - 9:00', '6404030447088', 0, 0, ''),
(440, '2015-03-04', '14:00 - 15:00', '2201120350085', 0, 0, ''),
(441, '2015-03-06', '13:00 - 14:00', '1810160413088', 0, 0, ''),
(442, '2015-03-08', '8:00 - 10:00', '2804070757085', 0, 0, ''),
(443, '2015-03-08', '8:00 - 10:00', '7707250934088', 0, 0, ''),
(444, '2015-03-16', '14:00 - 15:00', '9509040129082', 0, 0, ''),
(445, '2015-03-17', '8:00 - 10:00', '1906040694086', 0, 0, ''),
(446, '2015-03-19', '14:00 - 15:00', '4512220543086', 0, 0, ''),
(447, '2015-03-21', '9:00 - 10:00', '7312170466084', 0, 0, ''),
(448, '2015-03-23', '7:00 - 9:00', '1203280171086', 0, 0, ''),
(449, '2015-03-24', '10:00 - 12:00', '7410130630081', 0, 0, ''),
(450, '2015-04-03', '8:00 - 10:00', '1512170591085', 0, 0, ''),
(451, '2015-04-04', '9:00 - 10:00', '4110240825083', 0, 0, ''),
(452, '2015-04-12', '9:00 - 10:00', '2207010632083', 0, 0, ''),
(453, '2015-04-14', '13:00 - 14:00', '1709240402082', 0, 0, ''),
(454, '2015-04-19', '9:00 - 10:00', '6507120107086', 0, 0, ''),
(455, '2015-04-22', '14:00 - 15:00', '1704180177085', 0, 0, ''),
(456, '2015-04-25', '8:00 - 10:00', '4512220543086', 0, 0, ''),
(457, '2015-04-27', '8:00 - 10:00', '6706090775083', 0, 0, ''),
(458, '2015-05-14', '13:00 - 14:00', '2709210905082', 0, 0, ''),
(459, '2015-05-15', '13:00 - 14:00', '6808120518082', 0, 0, ''),
(460, '2015-05-17', '7:00 - 9:00', '5510220761085', 0, 0, ''),
(461, '2015-05-18', '8:00 - 10:00', '3902120576083', 0, 0, ''),
(462, '2015-05-19', '7:00 - 9:00', '4508260675083', 0, 0, ''),
(463, '2015-05-21', '14:00 - 15:00', '2109050549084', 0, 0, ''),
(464, '2015-05-23', '9:00 - 10:00', '4202160138084', 0, 0, ''),
(465, '2015-05-24', '7:00 - 9:00', '3411260488085', 0, 0, ''),
(466, '2015-06-04', '10:00 - 12:00', '1007230144085', 0, 0, ''),
(467, '2015-06-04', '10:00 - 12:00', '8612040918085', 0, 0, ''),
(468, '2015-06-04', '13:00 - 14:00', '9911090794084', 0, 0, ''),
(469, '2015-06-05', '9:00 - 10:00', '8005030611082', 0, 0, ''),
(470, '2015-06-09', '14:00 - 15:00', '730823030086', 0, 0, ''),
(471, '2015-06-15', '9:00 - 10:00', '3508130716085', 0, 0, ''),
(472, '2015-06-16', '10:00 - 12:00', '5612220214081', 0, 0, ''),
(473, '2015-06-18', '14:00 - 15:00', '5711110485087', 0, 0, ''),
(474, '2015-06-19', '14:00 - 15:00', '5212190473083', 0, 0, ''),
(475, '2015-06-22', '10:00 - 12:00', '4204250189082', 0, 0, ''),
(476, '2015-06-24', '8:00 - 10:00', '4307190367081', 0, 0, ''),
(477, '2015-07-02', '9:00 - 10:00', '4804180882084', 0, 0, ''),
(478, '2015-07-03', '14:00 - 15:00', '7701030854083', 0, 0, ''),
(479, '2015-07-08', '14:00 - 15:00', '9110230494081', 0, 0, ''),
(480, '2015-07-13', '14:00 - 15:00', '7312050486084', 0, 0, ''),
(481, '2015-07-18', '9:00 - 10:00', '9210160769082', 0, 0, ''),
(482, '2015-07-19', '13:00 - 14:00', '8906120948084', 0, 0, ''),
(483, '2015-07-23', '14:00 - 15:00', '3203230938086', 0, 0, ''),
(484, '2015-07-25', '7:00 - 9:00', '5008230824086', 0, 0, ''),
(485, '2015-07-27', '7:00 - 9:00', '1501200671081', 0, 0, ''),
(486, '2015-07-28', '9:00 - 10:00', '3809260231088', 0, 0, ''),
(487, '2015-08-07', '13:00 - 14:00', '2709110853083', 0, 0, ''),
(488, '2015-08-09', '14:00 - 15:00', '2005130271081', 0, 0, ''),
(489, '2015-08-11', '13:00 - 14:00', '9502240191083', 0, 0, ''),
(490, '2015-08-26', '14:00 - 15:00', '1204030632082', 0, 0, ''),
(491, '2015-08-26', '9:00 - 10:00', '6803010610087', 0, 0, ''),
(492, '2015-09-03', '13:00 - 14:00', '8508170901082', 0, 0, ''),
(493, '2015-09-03', '10:00 - 12:00', '9712150845081', 0, 0, ''),
(494, '2015-09-04', '8:00 - 10:00', '5907270761084', 0, 0, ''),
(495, '2015-09-05', '9:00 - 10:00', '4508260675083', 0, 0, ''),
(496, '2015-09-06', '7:00 - 9:00', '2808250506083', 0, 0, ''),
(497, '2015-09-11', '13:00 - 14:00', '9212120894085', 0, 0, ''),
(498, '2015-09-19', '14:00 - 15:00', '2709110853083', 0, 0, ''),
(499, '2015-09-19', '9:00 - 10:00', '9412180136082', 0, 0, ''),
(500, '2015-09-21', '9:00 - 10:00', '2104030218083', 0, 0, ''),
(501, '2015-09-24', '8:00 - 10:00', '1709280678088', 0, 0, ''),
(502, '2015-09-26', '13:00 - 14:00', '8009100659085', 0, 0, ''),
(503, '2015-09-28', '7:00 - 9:00', '7809130240082', 0, 0, ''),
(504, '2015-10-01', '13:00 - 14:00', '2707140905083', 0, 0, ''),
(505, '2015-10-04', '14:00 - 15:00', '820305040087', 0, 0, ''),
(506, '2015-10-04', '14:00 - 15:00', '2807090965085', 0, 0, ''),
(507, '2015-10-08', '14:00 - 15:00', '5805130165085', 0, 0, ''),
(508, '2015-10-09', '13:00 - 14:00', '9706130545082', 0, 0, ''),
(509, '2015-10-13', '13:00 - 14:00', '9109140754088', 0, 0, ''),
(510, '2015-10-15', '14:00 - 15:00', '7704070438085', 0, 0, ''),
(511, '2015-10-15', '13:00 - 14:00', '9712150845081', 0, 0, ''),
(512, '2015-10-16', '14:00 - 15:00', '2611180135088', 0, 0, ''),
(513, '2015-10-23', '14:00 - 15:00', '8009100659085', 0, 0, ''),
(514, '2015-11-08', '9:00 - 10:00', '3605040496081', 0, 0, ''),
(515, '2015-11-09', '10:00 - 12:00', '5001110128088', 0, 0, ''),
(516, '2015-11-09', '10:00 - 12:00', '9202050898085', 0, 0, ''),
(517, '2015-11-10', '14:00 - 15:00', '341216047088', 0, 0, ''),
(518, '2015-11-11', '8:00 - 10:00', '8103140774084', 0, 0, ''),
(519, '2015-11-14', '8:00 - 10:00', '3801170828084', 0, 0, ''),
(520, '2015-11-14', '10:00 - 12:00', '8709250986088', 0, 0, ''),
(521, '2015-11-16', '14:00 - 15:00', '1105280586088', 0, 0, ''),
(522, '2015-11-17', '8:00 - 10:00', '7701030854083', 0, 0, ''),
(523, '2015-11-19', '10:00 - 12:00', '960124047081', 0, 0, ''),
(524, '2015-11-22', '14:00 - 15:00', '510523033088', 0, 0, ''),
(525, '2015-12-01', '8:00 - 10:00', '9509040129082', 0, 0, ''),
(526, '2015-12-07', '14:00 - 15:00', '7002130927081', 0, 0, ''),
(527, '2015-12-09', '13:00 - 14:00', '8807130418086', 0, 0, ''),
(528, '2015-12-14', '8:00 - 10:00', '7312050486084', 0, 0, ''),
(529, '2015-12-16', '9:00 - 10:00', '2009210740082', 0, 0, ''),
(530, '2015-12-16', '10:00 - 12:00', '6111040850088', 0, 0, ''),
(531, '2015-12-20', '10:00 - 12:00', '3505100334081', 0, 0, ''),
(532, '2015-12-24', '7:00 - 9:00', '4512220543086', 0, 0, ''),
(533, '2015-12-25', '13:00 - 14:00', '8612040918085', 0, 0, ''),
(534, '2015-12-26', '14:00 - 15:00', '4111180106083', 0, 0, ''),
(535, '2016-01-03', '10:00 - 12:00', '9606270939081', 0, 0, ''),
(536, '2016-01-06', '14:00 - 15:00', '400422050085', 0, 0, ''),
(537, '2016-01-08', '13:00 - 14:00', '2802230303081', 0, 0, ''),
(538, '2016-01-14', '14:00 - 15:00', '1302080439088', 0, 0, ''),
(539, '2016-01-17', '8:00 - 10:00', '8902010959088', 0, 0, ''),
(540, '2016-01-23', '9:00 - 10:00', '6511130973087', 0, 0, ''),
(541, '2016-01-27', '8:00 - 10:00', '8009100659085', 0, 0, ''),
(542, '2016-01-28', '10:00 - 12:00', '491010022086', 0, 0, ''),
(543, '2016-02-01', '14:00 - 15:00', '4104200140083', 0, 0, ''),
(544, '2016-02-01', '14:00 - 15:00', '5002080660085', 0, 0, ''),
(545, '2016-02-01', '10:00 - 12:00', '8005030611082', 0, 0, ''),
(546, '2016-02-02', '14:00 - 15:00', '2707140905083', 0, 0, ''),
(547, '2016-02-03', '8:00 - 10:00', '400422050085', 0, 0, ''),
(548, '2016-02-03', '10:00 - 12:00', '681014062082', 0, 0, ''),
(549, '2016-02-03', '10:00 - 12:00', '2711130236088', 0, 0, ''),
(550, '2016-02-03', '8:00 - 10:00', '9012110306084', 0, 0, ''),
(551, '2016-02-05', '10:00 - 12:00', '2104030218083', 0, 0, ''),
(552, '2016-02-05', '13:00 - 14:00', '5710230923081', 0, 0, ''),
(553, '2016-02-06', '9:00 - 10:00', '1412130177086', 0, 0, ''),
(554, '2016-02-06', '9:00 - 10:00', '6609200993085', 0, 0, ''),
(555, '2016-02-07', '10:00 - 12:00', '1412130177086', 0, 0, ''),
(556, '2016-02-10', '9:00 - 10:00', '47072706087', 0, 0, ''),
(557, '2016-02-13', '8:00 - 10:00', '2906040747081', 0, 0, ''),
(558, '2016-02-13', '8:00 - 10:00', '7705180627087', 0, 0, ''),
(559, '2016-02-14', '9:00 - 10:00', '2704170868088', 0, 0, ''),
(560, '2016-02-15', '10:00 - 12:00', '780622020088', 0, 0, ''),
(561, '2016-02-16', '10:00 - 12:00', '7312170466084', 0, 0, ''),
(562, '2016-02-18', '9:00 - 10:00', '8501270465083', 0, 0, ''),
(563, '2016-02-18', '10:00 - 12:00', '9504060158084', 0, 0, ''),
(564, '2016-02-19', '13:00 - 14:00', '9606270939081', 0, 0, ''),
(565, '2016-02-21', '7:00 - 9:00', '8512050670085', 0, 0, ''),
(566, '2016-02-23', '14:00 - 15:00', '2102130913085', 0, 0, ''),
(567, '2016-02-23', '7:00 - 9:00', '6507050556081', 0, 0, ''),
(568, '2016-02-25', '8:00 - 10:00', '1704180177085', 0, 0, ''),
(569, '2016-03-01', '7:00 - 9:00', '4307190367081', 0, 0, ''),
(570, '2016-03-02', '9:00 - 10:00', '7809130240082', 0, 0, ''),
(571, '2016-03-05', '14:00 - 15:00', '2709210905082', 0, 0, ''),
(572, '2016-03-05', '13:00 - 14:00', '2809260609084', 0, 0, ''),
(573, '2016-03-07', '7:00 - 9:00', '7907160124082', 0, 0, ''),
(574, '2016-03-08', '9:00 - 10:00', '3001280724084', 0, 0, ''),
(575, '2016-03-12', '10:00 - 12:00', '4302130387083', 0, 0, ''),
(576, '2016-03-12', '7:00 - 9:00', '8012160653084', 0, 0, ''),
(577, '2016-03-12', '9:00 - 10:00', '9103060340082', 0, 0, ''),
(578, '2016-03-14', '14:00 - 15:00', '9911090794084', 0, 0, ''),
(579, '2016-03-19', '10:00 - 12:00', '6204260308088', 0, 0, ''),
(580, '2016-03-21', '14:00 - 15:00', '2303030988083', 0, 0, ''),
(581, '2016-03-23', '14:00 - 15:00', '7609110201086', 0, 0, ''),
(582, '2016-03-24', '13:00 - 14:00', '4207260415085', 0, 0, ''),
(583, '2016-03-24', '8:00 - 10:00', '4901240565082', 0, 0, ''),
(584, '2016-03-25', '9:00 - 10:00', '6706260635082', 0, 0, ''),
(585, '2016-03-26', '8:00 - 10:00', '7412210788083', 0, 0, ''),
(586, '2016-04-01', '14:00 - 15:00', '6207220448088', 0, 0, ''),
(587, '2016-04-05', '9:00 - 10:00', '7309060944088', 0, 0, ''),
(588, '2016-04-07', '9:00 - 10:00', '3411260488085', 0, 0, ''),
(589, '2016-04-07', '9:00 - 10:00', '9408100658087', 0, 0, ''),
(590, '2016-04-08', '8:00 - 10:00', '9611120247088', 0, 0, ''),
(591, '2016-04-09', '9:00 - 10:00', '1603220911086', 0, 0, ''),
(592, '2016-04-10', '14:00 - 15:00', '6111260929085', 0, 0, ''),
(593, '2016-04-12', '10:00 - 12:00', '1603220911086', 0, 0, ''),
(594, '2016-04-12', '9:00 - 10:00', '1705180376087', 0, 0, ''),
(595, '2016-04-12', '14:00 - 15:00', '6603100144082', 0, 0, ''),
(596, '2016-04-16', '10:00 - 12:00', '3605040496081', 0, 0, ''),
(597, '2016-04-16', '10:00 - 12:00', '8309040682084', 0, 0, ''),
(598, '2016-04-17', '13:00 - 14:00', '3406130687081', 0, 0, ''),
(599, '2016-04-18', '10:00 - 12:00', '6308240548084', 0, 0, ''),
(600, '2016-04-21', '10:00 - 12:00', '4510260369082', 0, 0, ''),
(601, '2016-04-21', '8:00 - 10:00', '5711110485087', 0, 0, ''),
(602, '2016-04-23', '8:00 - 10:00', '2102130913085', 0, 0, ''),
(603, '2016-04-23', '9:00 - 10:00', '4512030696084', 0, 0, ''),
(604, '2016-04-23', '10:00 - 12:00', '5901150381088', 0, 0, ''),
(605, '2016-04-24', '8:00 - 10:00', '6509220788082', 0, 0, ''),
(606, '2016-04-25', '9:00 - 10:00', '6507070463082', 0, 0, ''),
(607, '2016-04-28', '13:00 - 14:00', '3605040496081', 0, 0, ''),
(608, '2016-05-06', '13:00 - 14:00', '8709250986088', 0, 0, ''),
(609, '2016-05-08', '8:00 - 10:00', '7403250912088', 0, 0, ''),
(610, '2016-05-10', '7:00 - 9:00', '5809250392081', 0, 0, ''),
(611, '2016-05-11', '9:00 - 10:00', '7001190645085', 0, 0, ''),
(612, '2016-05-11', '14:00 - 15:00', '8612040918085', 0, 0, ''),
(613, '2016-05-12', '8:00 - 10:00', '2612230397082', 0, 0, ''),
(614, '2016-05-15', '8:00 - 10:00', '9304280349087', 0, 0, ''),
(615, '2016-05-16', '7:00 - 9:00', '5801140101084', 0, 0, ''),
(616, '2016-05-22', '7:00 - 9:00', '9204240981082', 0, 0, ''),
(617, '2016-05-23', '13:00 - 14:00', '1412130177086', 0, 0, ''),
(618, '2016-05-25', '10:00 - 12:00', '4508260675083', 0, 0, ''),
(619, '2016-05-26', '14:00 - 15:00', '4511070585086', 0, 0, ''),
(620, '2016-05-27', '14:00 - 15:00', '9712150845081', 0, 0, ''),
(621, '2016-05-28', '8:00 - 10:00', '7902150410084', 0, 0, ''),
(622, '2016-06-03', '14:00 - 15:00', '4005040289082', 0, 0, ''),
(623, '2016-06-05', '10:00 - 12:00', '5512080417086', 0, 0, ''),
(624, '2016-06-12', '9:00 - 10:00', '4401230403085', 0, 0, ''),
(625, '2016-06-12', '8:00 - 10:00', '7002130927081', 0, 0, ''),
(626, '2016-06-15', '14:00 - 15:00', '9502240191083', 0, 0, ''),
(627, '2016-06-17', '7:00 - 9:00', '2210130900088', 0, 0, ''),
(628, '2016-06-17', '13:00 - 14:00', '5901150381088', 0, 0, ''),
(629, '2016-06-18', '13:00 - 14:00', '780622020088', 0, 0, ''),
(630, '2016-06-21', '10:00 - 12:00', '8101060996085', 0, 0, ''),
(631, '2016-06-21', '13:00 - 14:00', '8407030360083', 0, 0, ''),
(632, '2016-06-26', '9:00 - 10:00', '7609240686081', 0, 0, ''),
(633, '2016-06-28', '13:00 - 14:00', '6204260308088', 0, 0, ''),
(634, '2016-07-03', '9:00 - 10:00', '3306170196085', 0, 0, ''),
(635, '2016-07-05', '13:00 - 14:00', '1007230144085', 0, 0, ''),
(636, '2016-07-08', '8:00 - 10:00', '5209150693082', 0, 0, ''),
(637, '2016-07-10', '14:00 - 15:00', '8502060290083', 0, 0, ''),
(638, '2016-07-12', '8:00 - 10:00', '2109050549084', 0, 0, ''),
(639, '2016-07-12', '8:00 - 10:00', '6311250169086', 0, 0, ''),
(640, '2016-07-18', '13:00 - 14:00', '4601060264085', 0, 0, ''),
(641, '2016-07-20', '14:00 - 15:00', '4910190324088', 0, 0, ''),
(642, '2016-07-20', '9:00 - 10:00', '6112060275088', 0, 0, ''),
(643, '2016-07-20', '7:00 - 9:00', '8501030560088', 0, 0, ''),
(644, '2016-07-21', '7:00 - 9:00', '4702060556086', 0, 0, ''),
(645, '2016-07-26', '9:00 - 10:00', '5510220761085', 0, 0, ''),
(646, '2016-07-27', '8:00 - 10:00', '9503010970083', 0, 0, ''),
(647, '2016-08-06', '13:00 - 14:00', '7312170466084', 0, 0, ''),
(648, '2016-08-08', '7:00 - 9:00', '5209150693082', 0, 0, ''),
(649, '2016-08-08', '13:00 - 14:00', '6310200940086', 0, 0, ''),
(650, '2016-08-10', '8:00 - 10:00', '341216047088', 0, 0, ''),
(651, '2016-08-12', '10:00 - 12:00', '7805110427084', 0, 0, ''),
(652, '2016-08-14', '10:00 - 12:00', '2007100717086', 0, 0, ''),
(653, '2016-08-14', '10:00 - 12:00', '6605260331087', 0, 0, ''),
(654, '2016-08-15', '10:00 - 12:00', '9109270875081', 0, 0, ''),
(655, '2016-08-16', '14:00 - 15:00', '8807130418086', 0, 0, ''),
(656, '2016-08-17', '8:00 - 10:00', '2707140905083', 0, 0, ''),
(657, '2016-08-20', '13:00 - 14:00', '1608130591087', 0, 0, ''),
(658, '2016-08-20', '9:00 - 10:00', '5210250933083', 0, 0, ''),
(659, '2016-08-21', '10:00 - 12:00', '9412180136082', 0, 0, ''),
(660, '2016-08-23', '7:00 - 9:00', '1205040963082', 0, 0, ''),
(661, '2016-08-23', '8:00 - 10:00', '7609110201086', 0, 0, ''),
(662, '2016-08-24', '8:00 - 10:00', '5805130165085', 0, 0, ''),
(663, '2016-08-24', '9:00 - 10:00', '8508060640084', 0, 0, ''),
(664, '2016-08-26', '8:00 - 10:00', '2005130271081', 0, 0, ''),
(665, '2016-08-27', '13:00 - 14:00', '2805070756085', 0, 0, ''),
(666, '2016-09-01', '9:00 - 10:00', '8104260177081', 0, 0, ''),
(667, '2016-09-02', '14:00 - 15:00', '3503100678084', 0, 0, ''),
(668, '2016-09-03', '10:00 - 12:00', '3211200919082', 0, 0, ''),
(669, '2016-09-03', '14:00 - 15:00', '8610120779086', 0, 0, ''),
(670, '2016-09-05', '7:00 - 9:00', '1704180177085', 0, 0, ''),
(671, '2016-09-05', '8:00 - 10:00', '3503100678084', 0, 0, ''),
(672, '2016-09-08', '7:00 - 9:00', '2906040747081', 0, 0, ''),
(673, '2016-09-09', '13:00 - 14:00', '5612220214081', 0, 0, ''),
(674, '2016-09-10', '10:00 - 12:00', '6609200993085', 0, 0, ''),
(675, '2016-09-10', '14:00 - 15:00', '6810160795088', 0, 0, ''),
(676, '2016-09-12', '9:00 - 10:00', '1203280171086', 0, 0, ''),
(677, '2016-09-12', '7:00 - 9:00', '8008280468086', 0, 0, ''),
(678, '2016-09-13', '10:00 - 12:00', '290611026087', 0, 0, ''),
(679, '2016-09-13', '13:00 - 14:00', '2907080814082', 0, 0, ''),
(680, '2016-09-13', '10:00 - 12:00', '7505030416082', 0, 0, ''),
(681, '2016-09-16', '9:00 - 10:00', '6102220345081', 0, 0, ''),
(682, '2016-09-19', '9:00 - 10:00', '1205040963082', 0, 0, ''),
(683, '2016-09-24', '8:00 - 10:00', '9902110250084', 0, 0, ''),
(684, '2016-09-26', '8:00 - 10:00', '2303030988083', 0, 0, ''),
(685, '2016-09-26', '10:00 - 12:00', '3306170196085', 0, 0, ''),
(686, '2016-10-01', '14:00 - 15:00', '3911070339085', 0, 0, ''),
(687, '2016-10-04', '8:00 - 10:00', '5505090581082', 0, 0, ''),
(688, '2016-10-06', '13:00 - 14:00', '4302130387083', 0, 0, ''),
(689, '2016-10-08', '10:00 - 12:00', '1705180376087', 0, 0, ''),
(690, '2016-10-08', '10:00 - 12:00', '9408100658087', 0, 0, ''),
(691, '2016-10-10', '7:00 - 9:00', '2612230397082', 0, 0, ''),
(692, '2016-10-12', '14:00 - 15:00', '4710160845084', 0, 0, ''),
(693, '2016-10-13', '8:00 - 10:00', '5109040274081', 0, 0, ''),
(694, '2016-10-16', '8:00 - 10:00', '510523033088', 0, 0, ''),
(695, '2016-10-17', '7:00 - 9:00', '2012190284086', 0, 0, ''),
(696, '2016-10-17', '13:00 - 14:00', '6605260331087', 0, 0, ''),
(697, '2016-10-23', '10:00 - 12:00', '3809260231088', 0, 0, ''),
(698, '2016-10-23', '10:00 - 12:00', '4110240825083', 0, 0, ''),
(699, '2016-10-24', '9:00 - 10:00', '9701100741082', 0, 0, ''),
(700, '2016-10-26', '10:00 - 12:00', '2605150205088', 0, 0, ''),
(701, '2016-10-26', '14:00 - 15:00', '9109140754088', 0, 0, ''),
(702, '2016-11-01', '8:00 - 10:00', '4511070585086', 0, 0, ''),
(703, '2016-11-01', '8:00 - 10:00', '8610120779086', 0, 0, ''),
(704, '2016-11-04', '14:00 - 15:00', '1007230144085', 0, 0, ''),
(705, '2016-11-08', '7:00 - 9:00', '2005130271081', 0, 0, ''),
(706, '2016-11-10', '14:00 - 15:00', '4207260415085', 0, 0, ''),
(707, '2016-11-10', '9:00 - 10:00', '8703170594084', 0, 0, ''),
(708, '2016-11-11', '14:00 - 15:00', '4601060264085', 0, 0, ''),
(709, '2016-11-13', '10:00 - 12:00', '4403190822084', 0, 0, ''),
(710, '2016-11-14', '7:00 - 9:00', '7609110201086', 0, 0, ''),
(711, '2016-11-15', '8:00 - 10:00', '1302080439088', 0, 0, ''),
(712, '2016-11-18', '8:00 - 10:00', '4104200140083', 0, 0, ''),
(713, '2016-11-22', '7:00 - 9:00', '2102130913085', 0, 0, ''),
(714, '2016-11-22', '13:00 - 14:00', '4403240664081', 0, 0, ''),
(715, '2016-11-24', '13:00 - 14:00', '3708100193088', 0, 0, ''),
(716, '2016-11-24', '7:00 - 9:00', '4911280960085', 0, 0, ''),
(717, '2016-11-26', '9:00 - 10:00', '670305077081', 0, 0, ''),
(718, '2016-11-26', '7:00 - 9:00', '7705180627087', 0, 0, ''),
(719, '2016-11-27', '8:00 - 10:00', '4111180106083', 0, 0, ''),
(720, '2016-11-28', '10:00 - 12:00', '1908150375082', 0, 0, ''),
(721, '2016-12-02', '7:00 - 9:00', '660620054086', 0, 0, ''),
(722, '2016-12-03', '7:00 - 9:00', '8902010959088', 0, 0, ''),
(723, '2016-12-04', '10:00 - 12:00', '4708110702087', 0, 0, ''),
(724, '2016-12-07', '8:00 - 10:00', '3203230938086', 0, 0, ''),
(725, '2016-12-07', '10:00 - 12:00', '4804180882084', 0, 0, ''),
(726, '2016-12-07', '14:00 - 15:00', '9609270686085', 0, 0, ''),
(727, '2016-12-09', '13:00 - 14:00', '6408200513081', 0, 0, ''),
(728, '2016-12-12', '7:00 - 9:00', '7202270202087', 0, 0, ''),
(729, '2016-12-13', '7:00 - 9:00', '5304280232082', 0, 0, ''),
(730, '2016-12-17', '7:00 - 9:00', '4104200140083', 0, 0, ''),
(731, '2016-12-19', '7:00 - 9:00', '7701030854083', 0, 0, ''),
(732, '2016-12-22', '14:00 - 15:00', '2802230303081', 0, 0, ''),
(733, '2016-12-23', '14:00 - 15:00', '2809260609084', 0, 0, ''),
(734, '2016-12-23', '8:00 - 10:00', '6603100144082', 0, 0, ''),
(735, '2016-12-24', '9:00 - 10:00', '7705180627087', 0, 0, ''),
(736, '2016-12-25', '7:00 - 9:00', '7503060788083', 0, 0, ''),
(737, '2016-12-26', '14:00 - 15:00', '7808220226082', 0, 0, ''),
(738, '2016-12-27', '13:00 - 14:00', '2011240231088', 0, 0, ''),
(739, '2016-12-27', '8:00 - 10:00', '6111260929085', 0, 0, ''),
(740, '2017-01-02', '7:00 - 9:00', '7002130927081', 0, 0, ''),
(741, '2017-01-03', '9:00 - 10:00', '531127094084', 0, 0, ''),
(742, '2017-01-03', '7:00 - 9:00', '2303030988083', 0, 0, ''),
(743, '2017-01-17', '9:00 - 10:00', '7202270202087', 0, 0, ''),
(744, '2017-01-23', '8:00 - 10:00', '5608240727082', 0, 0, ''),
(745, '2017-01-26', '10:00 - 12:00', '8104260177081', 0, 0, ''),
(746, '2017-01-28', '9:00 - 10:00', '3610150249083', 0, 0, ''),
(747, '2017-02-03', '14:00 - 15:00', '7312170466084', 0, 0, ''),
(748, '2017-02-03', '9:00 - 10:00', '9710230788081', 0, 0, ''),
(749, '2017-02-21', '7:00 - 9:00', '3503100678084', 0, 0, ''),
(750, '2017-02-21', '8:00 - 10:00', '4005040289082', 0, 0, ''),
(751, '2017-02-23', '10:00 - 12:00', '7610250179087', 0, 0, ''),
(752, '2017-03-01', '7:00 - 9:00', '341216047088', 0, 0, ''),
(753, '2017-03-06', '10:00 - 12:00', '4906270884086', 0, 0, ''),
(754, '2017-03-09', '7:00 - 9:00', '9202010527088', 0, 0, ''),
(755, '2017-03-14', '9:00 - 10:00', '5801140101084', 0, 0, ''),
(756, '2017-04-02', '7:00 - 9:00', '6111260929085', 0, 0, ''),
(757, '2017-04-11', '13:00 - 14:00', '2902030264083', 0, 0, ''),
(758, '2017-04-20', '10:00 - 12:00', '8501270465083', 0, 0, ''),
(759, '2017-04-23', '13:00 - 14:00', '4508260675083', 0, 0, ''),
(760, '2017-04-26', '9:00 - 10:00', '7907160124082', 0, 0, ''),
(761, '2017-05-03', '14:00 - 15:00', '8508170901082', 0, 0, ''),
(762, '2017-05-04', '9:00 - 10:00', '2808250506083', 0, 0, ''),
(763, '2017-05-05', '10:00 - 12:00', '7701260528087', 0, 0, ''),
(764, '2017-05-09', '8:00 - 10:00', '6412050862088', 0, 0, ''),
(765, '2017-05-10', '9:00 - 10:00', '451201089085', 0, 0, ''),
(766, '2017-05-13', '13:00 - 14:00', '2608180553088', 0, 0, ''),
(767, '2017-05-17', '9:00 - 10:00', '9103060340082', 0, 0, ''),
(768, '2017-05-23', '10:00 - 12:00', '7309060944088', 0, 0, ''),
(769, '2017-05-24', '9:00 - 10:00', '9202010527088', 0, 0, ''),
(770, '2017-06-04', '14:00 - 15:00', '5608060712087', 0, 0, ''),
(771, '2017-06-12', '7:00 - 9:00', '3906250668088', 0, 0, ''),
(772, '2017-06-14', '14:00 - 15:00', '9212120894085', 0, 0, ''),
(773, '2017-06-19', '13:00 - 14:00', '6111040850088', 0, 0, ''),
(774, '2017-06-20', '10:00 - 12:00', '2012200849081', 0, 0, ''),
(775, '2017-06-24', '14:00 - 15:00', '6408200513081', 0, 0, ''),
(776, '2017-06-26', '9:00 - 10:00', '2303030988083', 0, 0, ''),
(782, '0000-00-00', 'Appoint_time', 'Client_id', 0, 0, '');

-- --------------------------------------------------------

--
-- Table structure for table `client`
--

CREATE TABLE `client` (
  `Client_id` varchar(15) NOT NULL,
  `Client_Name` varchar(40) NOT NULL,
  `Client_Tel_w` varchar(10) NOT NULL,
  `Client_Tel_h` varchar(10) NOT NULL,
  `Client_Cell` varchar(10) NOT NULL,
  `Client_Password` varchar(200) NOT NULL,
  `Client_Ref` varchar(40) NOT NULL,
  `Client_Age` tinyint(4) NOT NULL,
  `Client_Email` varchar(50) NOT NULL,
  `Client_Address` varchar(70) NOT NULL
) ENGINE=InnoDB DEFAULT CHARSET=latin1;

--
-- Dumping data for table `client`
--

INSERT INTO `client` (`Client_id`, `Client_Name`, `Client_Tel_w`, `Client_Tel_h`, `Client_Cell`, `Client_Password`, `Client_Ref`, `Client_Age`, `Client_Email`, `Client_Address`) VALUES
('', '', '', '', '', '', '', 0, '', ''),
('1003250239088', 'Brian  Kekana', '0804508061', '0477735345', '0877087445', '1003kana088', 'WORD OF MOUTH', 21, 'Brian @rbiworld.co.za', '116 Selbourne Avenue Parow 7500'),
('1003280163086', 'Philani  Khan', '0157630318', '0933272627', '0432527734', '1003Khan086', 'Myself', 54, '', '802 Dalbergia 159 Justice  Avenue Sunnyside 0002'),
('1004050642083', 'Linda Makapela', '0952260905', '0103549589', '0516806529', '1004pela083', 'WORD OF MOUTH', 27, '', '23 Chapman`s peak Capetown 4560'),
('1005260157083', 'Nepo  Mukwevho', '0776062017', '0561075076', '0829713584', '1005evho083', 'Website', 41, 'Nepo @mweb.co.za', '3983 Fairbridge Corner Daniel&Davidson Str Fairlands 2195'),
('1007230144085', 'Mduduzi  Mugeri', '0688924609', '0906342145', '0261672681', '1007geri085', 'Myself', 42, 'Mduduzi @icon.co.za', 'Flat112 Capito Hill 395 Justice Muhammed Avenue Muckleneuk 0002'),
('1010190221088', 'Sinqobile Moloisane', '0378242370', '0478479730', '0852980219', '1010sane088', 'WORD OF MOUTH', 82, 'Sinqobile@telkomsa.net', '06 BAILEYBRIDGE UNIT 9 STONEBRIDGE PHOENIX '),
('1011060902084', 'Balungile  Klassen', '0176449722', '0455960647', '0357276040', '1011ssen084', 'Website', 70, 'Balungile @erazyweb.co.za', '3222 Taylor Park Zamdela 1999'),
('1011160807087', 'Donavan  Mthunywa', '0368033184', '0833593854', '0796542586', '1011nywa087', 'WORD OF MOUTH', 44, 'Donavan @mjvn.co.za', '92 Boundary Road Rouxville 2192'),
('1012070281082', 'Phakamani  Gamede', '0621876668', '0822383065', '0801924779', '1012mede082', 'WORD OF MOUTH', 70, '', '22 Iris Avenue Reigerpark 1959'),
('1104280343081', 'Mark  Sifunda', '0913195376', '0398377998', '0641294237', '1104unda081', 'Website', 45, '', '139392 Absolom Crescent Mankurwane 8395'),
('1105280586088', 'Petrus  Sithole', '0405942354', '0665394574', '031597885', '1105hole088', 'WORD OF MOUTH', 54, 'Petrus @sappi.com', '398 Glenton Ave Clayville East 1666'),
('1107230618084', 'Timothy  Mugagadeli', '(011)-(688', '(039)-(432', '(071)-(299', '1107deli084', 'Website', 69, 'Timothy @gmail.com', 'P O Box 169939 Lyttelton 190'),
('1203280171086', 'Lionel  Myeki', '(012)-(914', '(042)-(863', '(029)-(358', '1203yeki086', 'WORD OF MOUTH', 78, '', 'P O Box 95999 Waterkloof 195'),
('1204030632082', 'Sonica Ebrahim', '(047)-(465', '(026)-(471', '(073)-(113', '1204ahim082', 'WORD OF MOUTH', 41, 'Sonica@africanrand.co.za', 'Kingsgate Primary School P O Box 169 Mafeteng 900 Lesotho 0000'),
('1205040963082', 'Adam Mugadi', '(076)-(395', '(031)-(991', '(042)-(864', '1205gadi082', 'Myself', 41, '', '695 Francis Baard Avenue 506 Vicadia Flat Arcadia 0083'),
('1302080439088', 'Mzukisi Letsie', '(057)-(306', '(038)-(597', '(086)-(858', '1302tsie088', 'Myself', 58, '', '36 Olivers Court Cnr Hyperion & Pritchard Str North Riding Ext 1 2169'),
('1307090536085', 'Matome  Khomola', '(016)-(694', '(033)-(373', '(047)-(840', '1307mola085', 'WORD OF MOUTH', 59, 'Matome @wandragconsulting.co.za', 'P O Box 3993 Vongani 0930'),
('1308190287088', 'Josaya  Chabvonga', '(082)-(574', '(079)-(644', '(083)-(303', '1308onga088', 'Website', 32, 'Josaya @liberty.co.za', 'P O Box 60918 Karenpark 0118'),
('1311040718081', 'Gomotsegang  Lee', '(080)-(607', '(049)-(532', '(039)-(178', '1311 Lee081', 'Myself', 55, '', '393 Binneman Avenue Oakdale Western Cape Oakdale Est 7530'),
('1311240354085', 'Donald Sethole', '(049)-(732', '(087)-(798', '(093)-(670', '1311hole085', 'WORD OF MOUTH', 82, 'Donald@vodacom.co.a', '3990 Stellenberg Rd N0 99 Peters Place Equestria 189'),
('1401030341085', 'Adriaan Letsie', '(090)-(790', '(055)-(593', '(028)-(508', '1401tsie085', 'Myself', 83, '', 'Postnet Suite 398 Private Bag X09 Menlo Park 782'),
('1412130177086', 'Sumitra Rehman', '(097)-(804', '(042)-(260', '(039)-(833', '1412hman086', 'WORD OF MOUTH', 60, 'Sumitra@parktowngirls.co.za', 'P O Box 9168 Verwoerdpark 1953'),
('1501200671081', 'Leon Maphoto', '(075)-(299', '(039)-(589', '(026)-(120', '1501hoto081', 'Myself', 62, '', '3983 Taronga Road Lansdowne 7780'),
('1503200793088', 'Promise  Van Wyk', '(027)-(734', '(079)-(806', '(040)-(932', '1503 Wyk088', 'Myself', 85, '', ' '),
('1504280313088', 'Thato  Robertson', '(050)-(867', '(067)-(429', '(073)-(988', '1504tson088', 'WORD OF MOUTH', 76, '', '2090 Tswelopele Ext08 Tembisa 1632'),
('151021036088', 'Shaun  Lesch', '(071)-(870', '(028)-(699', '(033)-(657', '1510esch088', 'Website', 38, '', '21 Martinson Rd, Twee Pieke Unit 83 Mostertsdrift 7600'),
('1512140600088', 'Tlou Chibase', '(089)-(690', '(046)-(763', '(029)-(745', '1512base088', 'WORD OF MOUTH', 57, 'Tlou@aforbes.co.za', 'P O Box 1639 Ngqubusini 5170'),
('1512170591085', 'Muteba  Khobane', '(033)-(351', '(085)-(232', '(061)-(264', '1512bane085', 'WORD OF MOUTH', 89, 'Muteba @lantic.net', 'P O Box 639 Gans Bay 7220'),
('1603220911086', 'Ricardo  Makhonza', '(083)-(555', '(054)-(938', '(087)-(326', '1603onza086', 'WORD OF MOUTH', 84, 'Ricardo @gmail.com', '39592 Tswelopele Avenue Rietvlei Ext 1 1739'),
('1604070370087', 'Abiot  Dlamini', '(068)-(449', '(045)-(468', '(076)-(873', '1604mini087', 'WORD OF MOUTH', 78, 'Abiot @mweb.co.za', '398 Mopanie Avenue Florapark 0699'),
('1608130591087', 'Mahlatse  Campbell', '(095)-(462', '(064)-(270', '(032)-(766', '1608bell087', 'Myself', 34, '', '33 Aldergate Mount Edgecombe 9302'),
('1704180177085', 'Leeto  Legane', '(090)-(316', '(079)-(991', '(095)-(722', '1704gane085', 'WORD OF MOUTH', 37, 'Leeto @hotmail.co.za', 'P O Box 956 Grahamstown 6190'),
('1705180376087', 'Kaveshan Mokonyane', '(090)-(545', '(082)-(717', '(016)-(820', '1705yane087', 'WORD OF MOUTH', 70, 'Kaveshan@mweb.co.za', 'P O Box 332 Jane Furse Hospital 7885'),
('1709240402082', 'Louis  Van Der Westhuizen', '(022)-(493', '(034)-(406', '(028)-(775', '1709izen082', 'WORD OF MOUTH', 64, 'Louis @hotmail.com', 'P O Box 92200 Boordfontein 0201'),
('1709280678088', 'Stephan  Nyalungu', '(062)-(332', '(084)-(628', '(018)-(592', '1709ungu088', 'WORD OF MOUTH', 76, 'Stephan @gmail.com', '91 Juta Avenue Braamfontein 2001'),
('1803090222085', 'Tshepo  Makhuvele', '(068)-(611', '(042)-(858', '(081)-(622', '1803vele085', 'WORD OF MOUTH', 66, 'Tshepo @gmail.com', 'P O Box 9891 Polokwane 0700'),
('1804030915086', 'Saegan Hicks', '(087)-(674', '(045)-(818', '(092)-(670', '1804icks086', 'WORD OF MOUTH', 42, 'Saegan@pps.co.za', 'P O Box 699 Velddrif 7365'),
('1805020907085', 'Leeto  Duiker', '(096)-(254', '(078)-(737', '(016)-(174', '1805iker085', 'WORD OF MOUTH', 76, '', '1916 Tanong Ext5 Tembisa 1632'),
('1807070505082', 'Livhuwani  Ndlovu', '(015)-(171', '(040)-(626', '(052)-(358', '1807lovu082', 'Myself', 66, 'Livhuwani @gmail.com', 'PO Bos 7269\nKRUGERSDORP NORTH\n1741 '),
('1810160413088', 'Nelisiwe Mpofu', '(059)-(273', '(010)-(118', '(068)-(442', '1810pofu088', 'WORD OF MOUTH', 62, 'Nelisiwe@standardbank.co.za', 'P O Box 19293 Laudium 0037'),
('1902060828085', 'Xolile Gungudoo', '(069)-(683', '(069)-(374', '(031)-(526', '1902udoo085', 'WORD OF MOUTH', 49, 'Xolile@anchor.co.za', 'P O Box 32896 Braamfontein 2017'),
('1906040694086', 'Ngwagu  Khoza', '(070)-(718', '(096)-(936', '(089)-(146', '1906hoza086', 'WORD OF MOUTH', 76, '', '21 Thatchfield Hights Thatchfield Close Brakfontein Road Centurion 015'),
('1908150375082', 'Cliff Bomela', '(029)-(565', '(074)-(449', '(046)-(976', '1908mela082', 'WORD OF MOUTH', 53, 'Cliff@live.co.za', 'Wonderpark Estate Unit 1369 90 First Avenue Karenpark 0182'),
('2005130271081', 'Navisha Nyamupangedengu', '(055)-(233', '(047)-(922', '(091)-(964', '2005engu081', 'WORD OF MOUTH', 59, '', '2939/59 Umfuyaneni Umfuyaneni Section 1632'),
('2007100717086', 'Warren  Piroe', '(012)-(519', '(057)-(406', '(081)-(853', '2007iroe086', 'WORD OF MOUTH', 24, '', '2128 Nu11 Mdantsane 5219'),
('2008190919082', 'Shaun  Maarman', '(034)-(674', '(013)-(667', '(029)-(678', '2008rman082', 'WORD OF MOUTH', 49, '', 'Private Bag X1 Simon\'S Town 7995'),
('2009210740082', 'Mari Maredi', '(099)-(891', '(045)-(103', '(097)-(777', '2009redi082', 'WORD OF MOUTH', 22, 'Mari@vodamail.co.za', 'E6 Wilgerpark Stellenberg Road Oak Glen 7530'),
('2011240231088', 'Nhloso  Schoeman', '(097)-(361', '(014)-(388', '(094)-(473', '2011eman088', 'QWT', 32, 'Nhloso @work.co.za', '553992 Nomzamo Avenue Phahameng Bloemfontein 9301'),
('2012190284086', 'Kagiso Ntuli', '(091)-(274', '(083)-(110', '(044)-(354', '2012tuli086', 'WORD OF MOUTH', 76, 'Kagiso@lantic.net', '219 Du Toit Avenue 209 Orpheum Mansions Pretoria 0002'),
('2012200849081', 'Onele Veeragaloo', '(047)-(157', '(013)-(304', '(034)-(157', '2012aloo081', 'Website', 81, 'Onele@afrihost.co.za', 'F 395 Ntombela Road Kwamashu 9359'),
('2102130913085', 'Heinrich Dlamini', '(083)-(433', '(044)-(698', '(060)-(857', '2102mini085', 'WORD OF MOUTH', 59, 'Heinrich@wol.co.za', 'P O Box 2993 Montana Park 0159'),
('2104030218083', 'Grace Mudau', '(034)-(251', '(045)-(324', '(013)-(463', '2104udau083', 'WORD OF MOUTH', 26, 'Grace@gmail.com', 'P O Box 5060 Batlharo 8976'),
('2109050549084', 'Matete Magodielo', '(088)-(176', '(018)-(226', '(095)-(111', '2109ielo084', 'WORD OF MOUTH', 65, '', '29 Regina Road Northdale 3201'),
('2109180750085', 'Chaguwa  Matlala', '(042)-(281', '(046)-(555', '(086)-(775', '2109lala085', 'Myself', 18, '', '98 Grosvenor Burberry Office Park Amadeus Place Bryanston 2191'),
('2111130577081', 'Seturumane  Dharamraj', '(077)-(369', '(068)-(229', '(059)-(887', '2111mraj081', 'WORD OF MOUTH', 67, 'Seturumane @yahoo.com', 'P O Box 626 St Helenabaai 7390'),
('2201120350085', 'Wilhelm Seanego', '(066)-(985', '(023)-(968', '(039)-(170', '2201nego085', 'WORD OF MOUTH', 49, 'Wilhelm@yahoo.com', 'Unit 35 San Monroe 26 Logan Avenue Highveld Ext 8 0157'),
('2202040449087', 'Sheldon  Matlakeng', '(052)-(951', '(095)-(929', '(016)-(918', '2202keng087', 'WORD OF MOUTH', 74, 'Sheldon @absamail.co.za', '5 Ntsu Avenue Saulsville 0125'),
('2205140565082', 'Echelle  Koeberg', '(034)-(444', '(089)-(550', '(047)-(717', '2205berg082', 'WORD OF MOUTH', 71, 'Echelle @gmail.com', 'P O Box 239250 Sunnyside 0132'),
('2207010632083', 'Nyakallo Kupke', '(014)-(793', '(069)-(890', '(076)-(660', '2207upke083', 'WORD OF MOUTH', 28, 'Nyakallo@telkomsa.net', '9393/138 Sophiatown Difateng 1632'),
('2210130900088', 'Dion Mabanga', '(094)-(748', '(056)-(682', '(091)-(561', '2210anga088', 'WORD OF MOUTH', 85, 'Dion@artizans.co.za', '99398 Illovo Township Amanzimtoti 9126'),
('2303030988083', 'Fortunate Ndzulu', '(044)-(650', '(098)-(411', '(087)-(185', '2303zulu083', 'Website', 83, 'Fortunate@mweb.co.za', 'P O Box 21822 Helderkruin 1733'),
('2309220589087', 'Sylvester  Xhakaza', '(064)-(290', '(074)-(666', '(024)-(131', '2309kaza087', 'Mother in Law', 19, 'Sylvester @yahoo.com', 'P O Box 90195 Cleveland 2022'),
('2411070180081', 'Wilhelm Mokansi', '(049)-(265', '(069)-(998', '(079)-(198', '2411ansi081', 'WORD OF MOUTH', 58, '', '25 Owl Avenue 6Th Floor Johannesburg 2001'),
('2511130529083', 'Tshilidzi Metcalf', '(030)-(891', '(091)-(822', '(040)-(576', '2511calf083', 'Website', 61, 'Tshilidzi@anglocoal.co.za', '1359 Mahlangu Stand Winterveldt 0198'),
('2605130248088', 'Letsoni  Baepane', '(084)-(569', '(078)-(529', '(081)-(584', '2605pane088', 'Myself', 42, '', '18 Mngadi Str Atteridgeville 0008'),
('2605150205088', 'Busisiwe Du Plessis', '(086)-(193', '(066)-(762', '(058)-(901', '2605ssis088', 'Website', 67, '', '1 Kliprivier Avenue Secunda Secunda 2302'),
('2608180553088', 'Vuyokazi  Nanub', '(045)-(918', '(041)-(484', '(082)-(367', '2608anub088', 'Website', 43, '', '19 Pamaphosa Avenue Payneville 1565'),
('2611180135088', 'Moeketsi  Noko', '(080)-(884', '(094)-(515', '(091)-(535', '2611Noko088', 'Mother in Law', 32, '', '1891 Kriel 2271'),
('2612230397082', 'Mbheki  Ekanayake', '(078)-(858', '(082)-(456', '(094)-(917', '2612yake082', 'Myself', 20, 'Mbheki @transnet.co.za', '39165 Ext 398 Diepsloot 2189'),
('2702250305088', 'Shaun  Kafile', '(099)-(760', '(028)-(487', '(031)-(971', '2702file088', 'Myself', 81, 'Shaun @yahoo.com', 'P O Box 9961 Protea Glen Ext 12 1819'),
('2703080994088', 'Berry  Mutamba', '(017)-(648', '(088)-(260', '(079)-(817', '2703amba088', 'WORD OF MOUTH', 30, '', '21 Fourie Cresant Kibler Park 2091'),
('2704170868088', 'Shelley-Anne  Madia', '(087)-(414', '(074)-(148', '(012)-(919', '2704adia088', 'WORD OF MOUTH', 39, '', '51 Pearce Avenue Clayville Ext 9 1666'),
('2706070629087', 'Victor  Mgidi', '(018)-(224', '(054)-(385', '(097)-(121', '2706gidi087', 'Myself', 60, '', '28 Paling Drive\nMeerensee\nRichardsbaai\n3901 '),
('2707050803087', 'Marc  Baloyi', '(076)-(570', '(047)-(916', '(088)-(221', '2707loyi087', 'WORD OF MOUTH', 73, '', 'P O Box 199339 Middelburg 7850'),
('2707140905083', 'Nokukhanya Ndou', '(052)-(485', '(084)-(570', '(084)-(700', '2707Ndou083', 'WORD OF MOUTH', 90, 'Nokukhanya@acenet.co.za', '3986 Die Hoewes Towers 20 Gropius Road Die Hoewes 0157'),
('2709110853083', 'Ndivhuwo  Oliver', '(072)-(720', '(043)-(452', '(078)-(178', '2709iver083', 'Website', 55, 'Ndivhuwo @actionford.co.za', '16239 Block Hh Soshanguve 0152'),
('2709210905082', 'Kagiso Robinson', '(066)-(375', '(068)-(469', '(071)-(749', '2709nson082', 'WORD OF MOUTH', 77, 'Kagiso@costoutterz.co.za', 'Santam Head Office 1 Sportica Cresent Tyger Valley 7530'),
('2711130236088', 'Sango Brown', '(071)-(819', '(054)-(537', '(020)-(836', '2711rown088', 'WORD OF MOUTH', 34, 'Sango@gmail.com', '8 Klopper Avenue Libradene 1959'),
('2712250489081', 'Ruduwhan  Mokwebo', '(063)-(139', '(042)-(254', '(034)-(319', '2712webo081', 'WORD OF MOUTH', 22, 'Ruduwhan @telkomsa.net', '5 Hortense Laan\nFlorida-Glen '),
('2802230303081', 'Lance  Mulaudzi', '(050)-(479', '(049)-(466', '(090)-(721', '2802udzi081', 'Myself', 60, 'Lance @sa-tec.co.za / mboshoff141@gmail.com', 'P O Box 16355 Nelspruit 1200'),
('2802270531083', 'Nonjabulo Mafogo', '(088)-(942', '(068)-(535', '(062)-(571', '2802fogo083', 'WORD OF MOUTH', 48, '', '11 GALLINULE STREET ROOIHUISKRAAL '),
('2804070757085', 'Edwin Chilinda', '(082)-(568', '(040)-(139', '(057)-(658', '2804inda085', 'Website', 89, '', '33961 Meadowlands Zone 398 1852'),
('2804220399085', 'Tsholofelo  Benjamin', '(024)-(785', '(069)-(642', '(098)-(916', '2804amin085', 'WORD OF MOUTH', 75, 'Tsholofelo @medallist.comau', 'P O Box 22539 Letlhabile 269'),
('2805070756085', 'Benjamin Mofokeng', '(078)-(333', '(019)-(631', '(040)-(324', '2805keng085', 'WORD OF MOUTH', 22, 'Benjamin@hotmail.com', 'P O Box 23989 Rustenburg 0300'),
('2807090965085', 'Michiel  Mathabatha', '(045)-(998', '(054)-(511', '(070)-(390', '2807atha085', 'Myself', 65, 'Michiel @GMAIL.COM', '351 Mavimbela Section Katlehong 1931'),
('2808250506083', 'Nishandhran  Shezi', '(033)-(521', '(060)-(802', '(047)-(228', '2808hezi083', 'WORD OF MOUTH', 59, 'Nishandhran @standardbank.co.za', '9 Fern Close 9996 Thornhill Estate Bendor Polokwane 0699'),
('2809260609084', 'Mmasaka  Myeza', '(079)-(590', '(057)-(441', '(051)-(628', '2809yeza084', 'Myself', 16, 'Mmasaka @mweb.co.za', '13 Garrick Road University Estate Woodstock 7925'),
('2809270394087', 'Simphiwe  Jacobs', '(046)-(824', '(056)-(696', '(063)-(901', '2809cobs087', 'Website', 42, 'Simphiwe @nashuaisp.co.za', '26 Swartkops Avenue Extension 2 Eldorado Park 1811'),
('2811170937087', 'Jan  Robinson', '(065)-(740', '(036)-(230', '(089)-(275', '2811nson087', 'WORD OF MOUTH', 17, '', '395 Erica Avenue Boksburg 1959'),
('2811240555087', 'Rene Makhonza', '(093)-(745', '(018)-(691', '(098)-(359', '2811onza087', 'WORD OF MOUTH', 86, 'Rene@gmail.com', 'PO Box 45 Harris Road Nespruit 4380'),
('2902030264083', 'Trevor  Ganga-Scott', '(066)-(653', '(026)-(738', '(028)-(372', '2902cott083', 'WORD OF MOUTH', 50, '', '3 Denise Road, Unit 16 Sandton 2196'),
('2905080185087', 'Shivesh Mathebula', '(091)-(810', '(071)-(945', '(019)-(517', '2905bula087', 'Website', 30, 'Shivesh@gmail.com', 'P O Box 1320 Pietermaritzburg 3200'),
('2906040747081', 'Johanna  Muselli', '(030)-(259', '(011)-(853', '(043)-(619', '2906elli081', 'Myself', 64, '', '18398 Riet Avenue Barkly West 8375'),
('290611026087', 'Goratamang  Owens', '(045)-(984', '(034)-(452', '(046)-(536', '2906wens087', 'WORD OF MOUTH', 31, 'Goratamang @telkomsa.net', '5 Mosiliki Katlehong 1931'),
('2907080814082', 'Tumelo  Molepo', '(089)-(758', '(042)-(531', '(085)-(723', '2907lepo082', 'WORD OF MOUTH', 20, 'Tumelo @mannas.co.za', 'P O Box 16502 Lyttelton 190'),
('2909270467081', 'Desmond Louvouezo Banzouzi', '(072)-(927', '(063)-(659', '(010)-(405', '2909ouzi081', 'WORD OF MOUTH', 16, '', '8 Jarvis Road Berea 5291'),
('3001280724084', 'Nkani  Mohlala', '(014)-(519', '(011)-(142', '(079)-(241', '3001lala084', 'WORD OF MOUTH', 24, 'Nkani @telkomsa.net', 'P O Box 2326 Ermelo 2350'),
('3004230801084', 'Shaun  Geitner', '(078)-(840', '(016)-(274', '(050)-(869', '3004tner084', 'WORD OF MOUTH', 59, 'Shaun @gmail.com', 'Unit 52 35 Jules Avenue Jeppestown 2099'),
('3203230938086', 'Fulufhelo  Zombene', '(017)-(979', '(075)-(221', '(070)-(956', '3203bene086', 'WORD OF MOUTH', 53, 'Fulufhelo @mtn.co.za', 'Jean Avenue Lyttelton 0157'),
('3205070928081', 'Mmadineo  Tandwa', '(034)-(754', '(058)-(380', '(062)-(113', '3205ndwa081', 'WORD OF MOUTH', 41, '', 'Andesstr.1361\nBergbron '),
('3205230915086', 'Ntombekaya Mugadi', '(054)-(764', '(068)-(737', '(054)-(518', '3205gadi086', 'WORD OF MOUTH', 38, '', '3 Edmund Street\nConstantia Kloof\n1712 '),
('3208130215083', 'Koena  Viviers', '(037)-(958', '(019)-(867', '(054)-(447', '3208iers083', 'WORD OF MOUTH', 64, 'Koena @yahoo.com', '9 Besembos Amandasig 0182'),
('3211200919082', 'Loyald  Nthani', '(033)-(750', '(033)-(903', '(039)-(342', '3211hani082', 'WORD OF MOUTH', 89, 'Loyald @tiscali.co.za', 'No: 39862 Lakeside Proper Evaton 1989'),
('3211280908087', 'Nonhlanhla  Naidoo', '(026)-(237', '(061)-(578', '(093)-(882', '3211idoo087', 'Myself', 79, '', '16 Eaglestraat\nHorison\n1724 '),
('3212110757087', 'Navisha Baloyi', '(064)-(897', '(095)-(228', '(070)-(491', '3212loyi087', 'WORD OF MOUTH', 27, 'Navisha@exxess.co.za', 'Posbus 5024\nHorison\n1730 '),
('3305280817081', 'Mangope  Engelbrecht', '(024)-(190', '(061)-(916', '(087)-(819', '3305echt081', 'Myself', 24, 'Mangope @telkomsa.net', '8 Curlewis Road Bloubergrant 7991'),
('3306170196085', 'Sinqobile Dzegere', '(036)-(985', '(068)-(847', '(020)-(482', '3306gere085', 'WORD OF MOUTH', 46, '', '3399 Block Dd Soshanguve 0152'),
('3405190169081', 'Katlego  Swanepoel', '(068)-(811', '(058)-(897', '(074)-(898', '3405poel081', '', 71, 'Katlego @hotmail.com', '5 The Hub Duchesses Avenue Windsor West 2199'),
('3406130687081', 'Duane  Zaverdinos', '(081)-(239', '(061)-(721', '(035)-(225', '3406inos081', 'WORD OF MOUTH', 60, '', '6 Diaz Avenue Eastleigh 1609'),
('3406260688085', 'Sven  Maswanganyi', '(074)-(806', '(067)-(862', '(068)-(519', '3406anyi085', 'Myself', 74, 'Sven @workmail.co.za', 'P O Box 68032 Highveld 0169'),
('3410210326084', 'Seturumane  Banza', '(079)-(236', '(055)-(737', '(051)-(263', '3410anza084', 'Myself', 38, 'Seturumane @nfrs.co.za', '13 Philips Road Escombe 9093'),
('3411260488085', 'Edwin  Dzegere', '(049)-(328', '(066)-(697', '(058)-(412', '3411gere085', 'WORD OF MOUTH', 37, 'Edwin @gmail.com', 'Private Bag X01 Doornpoort 0017'),
('341216047088', 'Sandiso Naidoo', '(010)-(689', '(038)-(261', '(033)-(458', '3412idoo088', 'WORD OF MOUTH', 44, 'Sandiso@abrahamkriel.org', '88 Towerbridge Gardens Stone Bridge 9068'),
('3502010805081', 'Nasreen Lee', '(066)-(496', '(099)-(597', '(054)-(499', '3502 Lee081', 'WORD OF MOUTH', 52, '', 'PO Box 331\nFlorida\n1710 '),
('3503100678084', 'Jonathan Phalane', '(068)-(610', '(096)-(576', '(078)-(858', '3503lane084', 'Myself', 78, '', 'F1902 Aintree Building 99 O\'Rielly & Tudhope Avenue Berea 2198'),
('3505100334081', 'Asanda Motsinone', '(026)-(786', '(083)-(342', '(090)-(554', '3505none081', 'WORD OF MOUTH', 37, 'Asanda@absamail.co.za', '391 Rail Avenue Florida 1709'),
('3508030550085', 'Sean Cobokana', '(063)-(273', '(028)-(582', '(062)-(194', '3508kana085', 'WORD OF MOUTH', 74, 'Sean@nedbank.co.za', 'Posbus 6199 Secunda 2302'),
('3508130716085', 'Mark  Mtshali', '(020)-(648', '(095)-(485', '(062)-(375', '3508hali085', 'WORD OF MOUTH', 16, 'Mark @wirsam.com  rattanya@hotmail.com', 'P O Box 3981218 Moreleta Plaza 0167'),
('3509040348083', 'Jaco Ravhura', '(011)-(388', '(091)-(150', '(062)-(336', '3509hura083', 'WORD OF MOUTH', 40, '', '23980 Cuba Location Butterworth 9960'),
('3601280328086', 'Mishack  Morudu', '(079)-(767', '(033)-(466', '(084)-(753', '3601rudu086', 'Website', 24, 'Mishack @telkomsa.net', '81 Bird Avenue No: 39 Vier Eike Stellenbosch 7600'),
('3602250350086', 'Moyahabo  Mbonani', '(030)-(900', '(084)-(780', '(026)-(724', '3602nani086', 'WORD OF MOUTH', 29, 'Moyahabo @mweb.co.za', '11 Gallinule Avenue Rooihuiskraal 0157'),
('3605040496081', 'Steven Shariff', '(052)-(518', '(056)-(941', '(014)-(965', '3605riff081', 'Website', 90, 'Steven@reatile.co.za', '9935 Mulaudzi Avenue Tshiawelo 1818'),
('3605090332085', 'Portia  Geitner', '(073)-(276', '(085)-(337', '(020)-(353', '3605tner085', '', 67, '', '51 Frangipani Chantelle Ext 16 0182'),
('3610150249083', 'Candice Moetapele', '(075)-(697', '(032)-(186', '(081)-(125', '3610pele083', 'WORD OF MOUTH', 80, 'Candice@telkomsa.net', 'P O Box 130055 Bryanston 2021'),
('3708100193088', 'Piet Mokgothu', '(071)-(428', '(036)-(464', '(098)-(527', '3708othu088', 'WORD OF MOUTH', 70, 'Piet@edcon.co.za', 'P O Box 990 Mulbarton 2059'),
('3801170828084', 'Jonathan  Du Plessis', '(033)-(555', '(045)-(790', '(032)-(317', '3801ssis084', 'Myself', 15, 'Jonathan @gmail.com', 'P O Box 2205 Upington 8800'),
('3809260231088', 'Morwamakgomo  Lechelele', '(072)-(640', '(036)-(566', '(090)-(747', '3809lele088', 'Myself', 22, '', 'A2 Bel Eau Flats Victroia Seychelles 0000'),
('3810250735087', 'Berry  Chilinda', '(086)-(108', '(055)-(447', '(047)-(517', '3810inda087', 'WORD OF MOUTH', 46, 'Berry @gmail.com', 'Postnet Suite 69 Private Bag X06 Quagga 0058'),
('3811210932081', 'Nontshumayelo  Ntumba', '(019)-(362', '(051)-(944', '(040)-(211', '3811umba081', 'WORD OF MOUTH', 24, '', 'Speldekussinglaan 16\nROODEKRANS '),
('3902120576083', 'Sameer Murindagomo', '(050)-(413', '(058)-(139', '(040)-(682', '3902gomo083', 'Website', 84, '', 'P O Box 1291 Parklands 2121'),
('3906160799085', 'Ntsakisi  Ndou', '(060)-(581', '(059)-(347', '(037)-(963', '3906Ndou085', 'Website', 85, 'Ntsakisi @gmail.com', '1158 MANCHESTER CRESCENT LENASIA SOUTH '),
('3906250668088', 'Nkhetheni  Phosa', '(075)-(430', '(095)-(260', '(088)-(655', '3906hosa088', 'Website', 73, 'Nkhetheni @mystudysmart.com', 'P O Box 921 Letaba 0870'),
('3909170450081', 'Johanna  Jojo', '(082)-(563', '(041)-(724', '(085)-(773', '3909Jojo081', 'Myself', 23, 'Johanna @mac.com', 'P O Box 3999 Plettenberg Bay 6600'),
('3911070339085', 'Tshepiso  Ngwa', '(075)-(284', '(051)-(342', '(069)-(938', '3911Ngwa085', 'Mother in Law', 53, 'Tshepiso @erazyweb.co.za', '323 Ethafeni Section Tembisa 1632'),
('3912200408082', 'Phaiphai  Mputhi', '(073)-(943', '(056)-(742', '(077)-(202', '3912uthi082', 'WORD OF MOUTH', 37, 'Phaiphai @mweb.co.za', 'P O Box 222 Philip Nel Park 0029'),
('4003100886084', 'George  Mhatlhe', '(071)-(557', '(090)-(901', '(074)-(336', '4003tlhe084', 'WORD OF MOUTH', 54, '', '1206 Kuskoraal Avenue Moregloed 0186'),
('400422050085', 'Adriaan Fourie', '(094)-(931', '(090)-(749', '(084)-(115', '4004urie085', 'WORD OF MOUTH', 26, '', '208 Wattle Avenue Alveda Park Ext 2 2091'),
('4004220578084', 'Matthew  Booysen', '(033)-(143', '(039)-(370', '(037)-(166', '4004ysen084', 'Website', 59, '', '15 Magnolia Way Ridgeworth Bellville 7530'),
('4005040289082', 'Thomas  De Wet', '(063)-(494', '(012)-(981', '(019)-(182', '4005 Wet082', 'WORD OF MOUTH', 38, 'Thomas @its.co.za', 'No 2 Ironwood Sagewood X398 Noordwyk 1687'),
('4011110520082', 'Michael  Samwell', '(057)-(319', '(052)-(992', '(080)-(937', '4011well082', 'WORD OF MOUTH', 81, 'Michael @liblink.co.za', 'P O Box 133398 N1 City 7963'),
('4102140915085', 'Mmabogadi  Magutshwa', '(081)-(971', '(051)-(978', '(032)-(249', '4102shwa085', 'Myself', 21, '', '699 Abel Manana Avenue Mthambeka Section Tembisa 1632'),
('4103240120082', 'Livhuwani  Pillay', '(055)-(290', '(035)-(541', '(042)-(329', '4103llay082', 'WORD OF MOUTH', 29, 'Livhuwani @wirsam.com', '3239 Lebese Avenue Mmesi Park 1863'),
('4104200140083', 'Thomas Mtyobile', '(020)-(750', '(083)-(640', '(087)-(795', '4104bile083', 'Website', 46, 'Thomas@rebox.co.za', 'P O Box 2968 Rooihuiskraal 159'),
('4106120248084', 'Gaotingwe Nkabinde', '(079)-(126', '(082)-(870', '(010)-(429', '4106inde084', 'WORD OF MOUTH', 67, 'Gaotingwe@mtnloaded.co.za', 'PO Box 561\nGlenvista\n2058 '),
('4110240825083', 'Devandren Moshwela', '(062)-(200', '(074)-(102', '(040)-(115', '4110wela083', 'WORD OF MOUTH', 19, '', '9395 Soshanguve Block Xx 0152'),
('4111180106083', 'Johannes  Sayed', '(091)-(167', '(092)-(742', '(031)-(343', '4111ayed083', 'Website', 67, '', 'P O Box 11199 Selcourt 1567'),
('4202160138084', 'Nomsa  Van Eetveld', '(048)-(375', '(017)-(684', '(089)-(984', '4202veld084', 'WORD OF MOUTH', 56, 'Nomsa @webmail.co.za', 'P O Box 2995 Bronkhorstspruit 7820'),
('4204250189082', 'Byron  Booysen', '(074)-(663', '(072)-(367', '(084)-(179', '4204ysen082', 'WORD OF MOUTH', 25, 'Byron @iafrica.com', 'No 39 Crystal Gardens 1 Lichi Lane 93 Circle Street Wyebank 3678'),
('4207260415085', 'Matthew  Mahlangu', '(024)-(101', '(017)-(200', '(083)-(973', '4207angu085', 'Myself', 53, 'Matthew @mweb.co.za', 'P O Box 6659 Roggebaai 8012'),
('4211180586086', 'Stacy  Smith', '(079)-(869', '(049)-(406', '(085)-(739', '4211mith086', 'Website', 47, 'Stacy @gmail.com', 'P O Box 3063939 Braamfontein 2017'),
('4302130387083', 'Eunice  Le Masson', '(022)-(428', '(033)-(677', '(070)-(156', '4302sson083', 'WORD OF MOUTH', 39, 'Eunice @gmail.com', '50239 Mocke Avenue Daveyton 1520'),
('4307190367081', 'Penelope Dube', '(059)-(376', '(039)-(391', '(095)-(817', '4307Dube081', 'WORD OF MOUTH', 38, 'Penelope@gmail.com', 'P O Box 259 Radium 983'),
('4308010928085', 'Brian  Ratshefola', '(093)-(856', '(018)-(387', '(093)-(347', '4308fola085', 'WORD OF MOUTH', 69, 'Brian @smartcall.co.za', 'P O Box 591 Southern Paarl 7629'),
('4401230403085', 'Cecil  Swanepoel', '(071)-(198', '(097)-(476', '(058)-(992', '4401poel085', 'WORD OF MOUTH', 83, 'Cecil @yahoo.com', 'Unit 139 Devon Valley 3 Weltevredenpark 1709'),
('4403190822084', 'Phindile  Tong', '(036)-(538', '(081)-(721', '(056)-(938', '4403Tong084', 'Myself', 70, 'Phindile @unisa.ac.za', 'P O Box 13992 Laudium 0037'),
('4403240664081', 'George  Zawistowski', '(039)-(673', '(098)-(446', '(093)-(602', '4403wski081', 'WORD OF MOUTH', 28, 'George @inkcom.co.za', 'P O Box 6099 Weltevredenpark 1715'),
('4410200801082', 'Nilukshi  Shange', '(022)-(516', '(076)-(103', '(087)-(338', '4410ange082', 'Myself', 58, '', 'Africanarylaan 5\nBreaunanda '),
('4504280921086', 'Rodger  Bomela', '(037)-(128', '(051)-(596', '(068)-(632', '4504mela086', 'Myself', 84, '', '521 Inanda Glebe Inanda Glebe 9309'),
('4508260675083', 'Chris Mohaleamalla', '(045)-(328', '(077)-(463', '(056)-(578', '4508alla083', 'WORD OF MOUTH', 16, '', '983939 Nicholas Avenue Orlando East 1809'),
('4509140295084', 'Leshata  Nhalungo', '(027)-(438', '(070)-(325', '(013)-(869', '4509ungo084', 'WORD OF MOUTH', 70, 'Leshata @nedbank.co.za', '639 Springfield Str Bellville 7530'),
('4509220879086', 'Vuyisile  Ndou', '(048)-(889', '(092)-(570', '(085)-(248', '4509Ndou086', 'WORD OF MOUTH', 72, 'Vuyisile @mbweb.co.za', '852 Hospital View Tembisa 1632'),
('4510260369082', 'Nomvula  Baulraj', '(020)-(496', '(057)-(225', '(022)-(944', '4510lraj082', 'WORD OF MOUTH', 56, 'Nomvula @telkomsa.net', 'P O Box 39 Kwambonambi 3915'),
('4511070585086', 'Mcebisi  Baloyi', '(061)-(687', '(095)-(979', '(039)-(276', '4511loyi086', 'WORD OF MOUTH', 21, 'Mcebisi @absamail.co.za', '6008 Malmook Avenue Crystal Park 1501'),
('451201089085', 'Wisani  Naidoo', '(017)-(701', '(025)-(686', '(036)-(720', '4512idoo085', 'WORD OF MOUTH', 42, 'Wisani @andrewmiller.co.za', 'P O Box 3939 Witrivier 1290'),
('4512030696084', 'Marianna  Ndzutha', '(043)-(446', '(050)-(729', '(036)-(146', '4512utha084', 'Website', 28, 'Marianna @global.co.za', 'P O Box 123939 The Tramshed 0126'),
('4512220543086', 'Frans  Mynhardt', '(067)-(698', '(081)-(523', '(031)-(888', '4512ardt086', 'Website', 47, '', '26539 Setso Avenue Nellmapius Ext 9 0122'),
('4601060264085', 'Thato  Mokoena', '(093)-(689', '(079)-(423', '(090)-(234', '4601oena085', 'Website', 42, 'Thato @gmail.com', 'Postnet Suite 51 Private Bag X16392 Grahamstown 6190'),
('4601060401083', 'Francois Mathobela', '(036)-(784', '(098)-(850', '(056)-(758', '4601bela083', 'Website', 84, 'Francois@dhfoods.co.za', 'PO Box 1109\nMondeor\n2110 '),
('4603230789086', 'Nkgopoleng  Maritz', '(037)-(482', '(064)-(748', '(034)-(594', '4603ritz086', 'WORD OF MOUTH', 33, '', '235 Veldman Avenue Eersterus 0022'),
('4605100562088', 'Ndivhuwo  Easton', '(095)-(424', '(012)-(746', '(010)-(202', '4605ston088', 'Website', 89, 'Ndivhuwo @eskom.co.za', 'P O Box 39399 Newton Park 6055'),
('4701240299087', 'Balungile  Motsinone', '(078)-(368', '(061)-(512', '(080)-(114', '4701none087', 'Myself', 87, 'Balungile @computershare.co.za', '94 Florence Street\nNoordgesig\n1804 '),
('4702060556086', 'Tshilidzi Iliev', '(059)-(980', '(062)-(427', '(052)-(325', '4702liev086', 'Website', 51, 'Tshilidzi@yahoo.co.uk', 'P O Box 633 Riebeek-Wes 7306'),
('47072706087', 'Chippa  Shange', '(051)-(634', '(075)-(182', '(081)-(241', '4707ange087', 'WORD OF MOUTH', 59, 'Chippa @volsec.co.za', '398 Kwane Avenue Motherwell Nu 6 6211'),
('4708110702087', 'Gert  Lea', '(033)-(699', '(022)-(440', '(031)-(628', '4708 Lea087', 'WORD OF MOUTH', 23, 'Gert @telkomsa.net', 'MalanAvenue 9 Brackenfell 7560'),
('4710160845084', 'Daisy  Makwana', '(068)-(127', '(026)-(791', '(043)-(201', '4710wana084', 'WORD OF MOUTH', 20, '', '139 Cameron Crescent Mountain Rise 3201'),
('47120603088', 'Itumeleng  Makapela', '(022)-(873', '(048)-(608', '(099)-(417', '4712pela088', 'WORD OF MOUTH', 16, 'Itumeleng @mweb.co.za', '569 Block P Soshanguve 0152'),
('4802050681086', 'Mubarak Van Wyk', '(074)-(157', '(096)-(313', '(074)-(203', '4802 Wyk086', 'Myself', 50, 'Mubarak@gmail.com', '69639 Kulati Avenue Port Elizabeth 6001'),
('4804180882084', 'Emmanuel Mhlarhi', '(035)-(121', '(033)-(953', '(064)-(507', '4804arhi084', 'WORD OF MOUTH', 79, 'Emmanuel@absamail.co.za', '2698 Kerriebos Ext6 Ebony Park Midrand 1682'),
('4812160561083', 'Nkgopoleng  Spengane', '(019)-(945', '(056)-(592', '(042)-(294', '4812gane083', 'Website', 40, 'Nkgopoleng @groupfive.co.za', 'Ugie High School Ugie 5970'),
('4901240565082', 'Pedron  Masuku', '(068)-(741', '(065)-(224', '(042)-(364', '4901suku082', 'Myself', 32, 'Pedron @mweb.co.za', '9399 Block Y Soshanguve 0152'),
('4905080506087', 'Wilna Lukasu', '(088)-(583', '(056)-(945', '(075)-(931', '4905kasu087', 'WORD OF MOUTH', 38, 'Wilna@gmail.com', '920 Witchhazel Avenue Eco-Glades 2 Centurion 0157'),
('4905210696087', 'Sheldon  Sethole', '(039)-(951', '(064)-(523', '(021)-(493', '4905hole087', 'WORD OF MOUTH', 85, '', '12 TWEEVINGERGRAS DANVILLE '),
('4906270884086', 'Nompumelelo Tsotetsi', '(047)-(939', '(023)-(692', '(010)-(941', '4906etsi086', 'Website', 86, 'Nompumelelo@gmail.com', 'P O Box 3989 Polokwane 0700'),
('490705046088', 'Ayanda Mlawuli', '(022)-(883', '(083)-(260', '(091)-(257', '4907wuli088', 'Myself', 21, '', '39 Wellington Avenue Goodwood 7960'),
('4909110460081', 'Johannes  Baale', '(043)-(177', '(039)-(774', '(024)-(500', '4909aale081', 'Myself', 36, '', 'P O Box 1663 Lillydale 1281'),
('491010022086', 'Kivan Dambuza', '(015)-(865', '(066)-(940', '(020)-(605', '4910buza086', 'WORD OF MOUTH', 36, 'Kivan@icon.co.za', '6 Weber Crescent Penlyn Estate Lansdowne 7780'),
('4910190324088', 'Mduduzi  Masungwini', '(093)-(850', '(088)-(900', '(069)-(330', '4910wini088', 'Website', 34, '', 'P O Box 528 Cradock 5880'),
('4911280960085', 'Mamahooe  Shoko', '(047)-(169', '(017)-(470', '(073)-(637', '4911hoko085', 'WORD OF MOUTH', 49, 'Mamahooe @iburst.co.za', '31St Avenue 656 Villieria 0186'),
('5001070584088', 'Linda Brook', '(035)-(668', '(025)-(119', '(019)-(913', '5001rook088', 'WORD OF MOUTH', 52, '', '28 1St Avenue Alexandra 2090'),
('5001110128088', 'Rene Gumbi', '(051)-(228', '(053)-(271', '(036)-(516', '5001umbi088', 'WORD OF MOUTH', 55, 'Rene@5gattorneys.co.za', '39 Barracuda Avenue Mossel Bay Ext 13 6506'),
('5002080660085', 'Tlou  Mabotja', '(082)-(606', '(047)-(389', '(013)-(473', '5002otja085', 'WORD OF MOUTH', 45, 'Tlou @rbiworld.co.za', '1158 Manchester Crescent Lenasia South 1829'),
('5002180199088', 'Tshepiso  Ekanayake', '(036)-(156', '(041)-(876', '(017)-(557', '5002yake088', 'WORD OF MOUTH', 17, 'Tshepiso @arc.co.za', 'Posbus 6914\nANSFRERE\n1711 '),
('5007040974083', 'Calvin Rosser', '(081)-(904', '(073)-(165', '(053)-(805', '5007sser083', 'Myself', 66, '', '16 Eaglestraat\nHorison\n1724 '),
('5008230824086', 'Daisy  Machabaphala', '(044)-(955', '(096)-(450', '(098)-(641', '5008hala086', 'Myself', 23, 'Daisy @phbs.co.za', 'P O Box 396181 Lynnwood Ridge 90'),
('5009140926088', 'Olga Lehola', '(048)-(258', '(092)-(748', '(086)-(992', '5009hola088', 'WORD OF MOUTH', 19, 'Olga@gmail.com', '8 Marsdiep Mansions Kenilworth 7708'),
('5102060208085', 'Michiel  Soare', '(069)-(264', '(022)-(311', '(063)-(793', '5102oare085', 'Myself', 78, '', 'Schultzstr. 17\nHorison\n1724\nPosbus 7145\nWestgate\n1734 '),
('510523033088', 'Fezile Nkabinde', '(017)-(982', '(028)-(662', '(011)-(289', '5105inde088', 'Myself', 40, '', '61 Tuscan Waters Gie Road Parklands 7991'),
('5109040274081', 'Nthabiseng  Banga', '(015)-(228', '(045)-(111', '(022)-(168', '5109anga081', 'Myself', 89, 'Nthabiseng @unisa.ac.za', '53961 Rondebult Roodebult 1901'),
('5109080251088', 'Jaco  Matji', '(081)-(729', '(040)-(363', '(055)-(897', '5109atji088', 'Myself', 53, '', '19 Sabierivier Avenue Norkem Park Ext 2 1618'),
('510915039082', 'Chrisna Malemone', '(093)-(902', '(062)-(600', '(028)-(196', '5109mone082', 'Myself', 26, 'Chrisna@standardbank.co.za', '7 Nurney Street\nCrosby '),
('511127046082', 'Edwin Dlamini', '(041)-(381', '(081)-(575', '(092)-(285', '5111mini082', 'WORD OF MOUTH', 35, 'Edwin@telkomsa.net', 'Hortense laan\nFlorida Glen '),
('5202230409086', 'Thobani  Sehume', '(070)-(424', '(047)-(335', '(083)-(104', '5202hume086', 'Website', 86, 'Thobani @vodamail.co.za', 'P O Box 12990 Centurion 96'),
('5206110625085', 'Mduduzi Mangena', '(040)-(808', '(060)-(112', '(011)-(887', '5206gena085', 'WORD OF MOUTH', 68, 'Mduduzi@rbiworld.co.za', '11 Mayibuye House No 19326 Joburg Ivory Park Ext 12 1685'),
('5209150693082', 'Hendrick  Tyhalithi', '(027)-(398', '(023)-(905', '(064)-(229', '5209ithi082', 'WORD OF MOUTH', 89, '', '55 Mercury Cresent Newholmes Pietermaritzburg 3201'),
('521023092081', 'Edwin  Nkune', '(025)-(336', '(074)-(978', '(033)-(646', '5210kune081', 'Website', 35, '', '21 Gildcroft Close Phoenix Longcroft 9068'),
('5210250933083', 'Mmadineo  Cobokana', '(082)-(143', '(088)-(459', '(010)-(926', '5210kana083', 'WORD OF MOUTH', 18, 'Mmadineo @lantic.net', '36 Ilchester Avenue Somerset Park 9319'),
('5212190473083', 'Celeste  Fourie', '(080)-(520', '(054)-(612', '(065)-(409', '5212urie083', 'Myself', 51, '', 'P O Box 39819 Vredendal 8160'),
('5304280232082', 'Nthateng  Songo', '(037)-(364', '(083)-(279', '(053)-(664', '5304ongo082', 'Website', 39, 'Nthateng @hotmail.com', '11399 Mphophoma Str Klipfontein View 1685'),
('530628013085', 'Modisaotsile  Van Rensburg', '(029)-(585', '(058)-(153', '(019)-(686', '5306burg085', 'WORD OF MOUTH', 60, '', 'P O Box 356 Umkomaas 9170'),
('5307060340088', 'Nobubele  Ndlovu', '(052)-(442', '(049)-(976', '(047)-(265', '5307lovu088', 'WORD OF MOUTH', 26, 'Nobubele @vodamail.co.za', '3919 Makou Avenue Monumentpark Ext 39 0181'),
('5308230754082', 'Segrin  Mudzinganyama', '(063)-(738', '(083)-(889', '(094)-(198', '5308yama082', 'Website', 36, 'Segrin @linhorn.co.za', 'P O Box 1696 Mafikeng South 2791'),
('531127094084', 'Shaun  Naidoo', '(017)-(158', '(016)-(554', '(081)-(662', '5311idoo084', 'Website', 46, 'Shaun @intekom.co.za', '200 Heron Avenue Kharwastan 9092'),
('5404130544086', 'Oteng  Moloisane', '(033)-(599', '(074)-(867', '(090)-(558', '5404sane086', 'Myself', 60, 'Oteng @pyromet.co.za', '3980 Ruth First Avenue Lotus Gardens 0008'),
('5405270193088', 'Moses Ketelo', '(055)-(877', '(022)-(468', '(059)-(848', '5405telo088', 'Myself', 71, '', '1 Kliprivier street Secunda SECUNDA '),
('5502200833083', 'Mabokale  Nhalungo', '(018)-(655', '(066)-(232', '(022)-(132', '5502ungo083', 'Myself', 25, 'Mabokale @global.co.za', 'Africanarylaan 5 '),
('5505090581082', 'Moyahabo  Maboko', '(063)-(370', '(027)-(341', '(031)-(333', '5505boko082', 'WORD OF MOUTH', 44, '', 'P O Box 539 Lenasia 1820'),
('5505120413085', 'Bernard Dinna', '(035)-(468', '(023)-(722', '(019)-(687', '5505inna085', 'Myself', 85, 'Bernard@absa.co.za', 'Dpt Of Rural Development 2390 Jabu Ndlovu Avenue Pietermaritzburg 3201'),
('5505230875081', 'Rene Van Huissteden', '(048)-(309', '(072)-(391', '(056)-(306', '5505eden081', 'WORD OF MOUTH', 40, '', '35 Bebelele Avenue Duncan Village 5209'),
('5507130805081', 'Mosima  Webb', '(087)-(457', '(033)-(418', '(063)-(429', '5507Webb081', 'Website', 63, 'Mosima @polka.co.za', '505 Madiba Avenue 5039 Scopus Heights Flat Arcadia 0083'),
('5507140417085', 'Derrick  Busuku', '(077)-(162', '(073)-(465', '(015)-(843', '5507suku085', 'Myself', 63, 'Derrick @worldonline.co.z', '392 Brushwood Estate Sundowner 2188'),
('5510220761085', 'Chrisna Smits', '(086)-(854', '(052)-(529', '(038)-(353', '5510mits085', 'WORD OF MOUTH', 32, '', '29583 Katse Avenue Mamelodi East Ext 9 0122'),
('5512080417086', 'Shelden Ledwaba', '(064)-(390', '(043)-(898', '(051)-(724', '5512waba086', 'WORD OF MOUTH', 59, 'Shelden@absamail.co.za', 'P O Box 168 Pyramid 0120'),
('5512160318087', 'Glen  Mavimbela', '(091)-(537', '(016)-(646', '(019)-(884', '5512bela087', 'WORD OF MOUTH', 30, 'Glen @peg.co.za', '839 Fairmount View Punters Way Kenilworth Park 7708'),
('5602060518087', 'Tshepo  Julies', '(072)-(577', '(030)-(999', '(084)-(569', '5602lies087', 'WORD OF MOUTH', 25, '', '2 Alwyn Road Unit 1 Sharon Villas Brooklyn 7905'),
('5608010370088', 'Emil Snyman', '(048)-(474', '(015)-(632', '(090)-(110', '5608yman088', 'Website', 68, 'Emil@mystudysmart.com', '138 Tarragon Two Road 3 Weltevredenpark 1709'),
('5608060712087', 'Johnson Pillay', '(050)-(299', '(026)-(617', '(096)-(718', '5608llay087', 'Website', 59, 'Johnson@mweb.co.za', '9560 Birch Acres Isimuku Ext 26 Kempton Park 1619'),
('5608240727082', 'Tshilidzi Terry', '(086)-(854', '(081)-(943', '(075)-(364', '5608erry082', 'Myself', 78, 'Tshilidzi@unisa.ac.za', 'P O Box 1393 Kanyamazane 1219'),
('5612220214081', 'Tshepang  Rudolph', '(074)-(808', '(090)-(597', '(090)-(174', '5612olph081', 'WORD OF MOUTH', 33, 'Tshepang @crown.org.za', 'Saglerstrasse 5 Hoehenkirchen-Siegertsbrunn 85635 Bavaria Germany 0000'),
('5703210321082', 'Patrick Faleni', '(054)-(350', '(028)-(137', '(090)-(705', '5703leni082', 'WORD OF MOUTH', 80, '', 'P O Box 2001 Wingate Park 0153'),
('5704100297086', 'Amukelani  Seloana', '(071)-(488', '(016)-(998', '(019)-(106', '5704oana086', 'Website', 86, 'Amukelani @eoson.co.za', 'P O Box 239821 Yeoville 2193'),
('5705080129087', 'Pauline  Ndala', '(082)-(673', '(089)-(780', '(029)-(161', '5705dala087', 'Myself', 66, '', '2699 Section J Ngoma Avenue Mamelodi West 0122'),
('5706150123087', 'Pauline  Semenya', '(085)-(393', '(095)-(147', '(092)-(412', '5706enya087', 'WORD OF MOUTH', 65, 'Pauline @yahoo.com', 'no 35 Balalaika st\nStaalveld\n1043 '),
('5706200140082', 'Masekhanyane Mothupi', '(060)-(224', '(074)-(680', '(063)-(398', '5706hupi082', 'QWT', 68, 'Masekhanyane@gmail.com', 'P O Box 13216 Norkem Park 1631'),
('5710230923081', 'Precious  Matlakeng', '(068)-(325', '(036)-(676', '(044)-(804', '5710keng081', 'Myself', 22, '', 'Stand No:39832 Peter Nchabele 03989 Mmotong 789'),
('5711110485087', 'Vusi  Bethlehem', '(027)-(911', '(047)-(601', '(094)-(887', '5711ehem087', 'WORD OF MOUTH', 17, 'Vusi @telkomsa.net', '591 Ecaleni Section Mathole Avenue Tembisa 1632'),
('5801140101084', 'Tomek  Mshaisa', '(062)-(677', '(022)-(652', '(047)-(734', '5801aisa084', 'Website', 65, '', '6 Grafiet Crescent Welgelegen 3 Parow 7500'),
('580512061088', 'Bernhardt  Magutshwa', '(049)-(195', '(078)-(471', '(056)-(458', '5805shwa088', 'WORD OF MOUTH', 63, 'Bernhardt @yahoo.com', 'Posbus 1122\nJEFFREYSBAY\n6330 '),
('5805130165085', 'Phuti  Van Der Merwe', '(099)-(292', '(068)-(384', '(053)-(918', '5805erwe085', 'WORD OF MOUTH', 46, 'Phuti @yahoo.co.uk', '9999 Qween Avenue Devland 1811'),
('5809170914084', 'Cobus  Sebate', '(056)-(600', '(077)-(651', '(077)-(103', '5809bate084', 'WORD OF MOUTH', 87, '', '53399 Tumisang Avenue Nellmapius 0122'),
('5809250392081', 'Kaylen Selabe', '(079)-(482', '(076)-(155', '(067)-(636', '5809labe081', 'WORD OF MOUTH', 17, 'Kaylen@gmail.com', 'P O Box 239 Bonisani 0927'),
('5901150381088', 'Lebogang  Seanego', '(045)-(914', '(074)-(867', '(039)-(448', '5901nego088', 'Website', 88, 'Lebogang @polka.co.za', '5039 Summerfields Estate 6821 Calamus Close Kosmosdal 0157'),
('5902220915081', 'Goratamang  Zwakala', '(042)-(915', '(048)-(246', '(037)-(125', '5902kala081', 'Myself', 77, '', '1179 MPHOPHOMA STR KLIPFONTEIN VIEW '),
('5907270761084', 'Mxoleleni  Nkosi', '(029)-(729', '(061)-(599', '(060)-(369', '5907kosi084', 'WORD OF MOUTH', 34, '', '18059 Ivory Park Chrishani Ivory Park Ext 6 1632'),
('5910030388087', 'Reinhard Msomi', '(049)-(136', '(095)-(380', '(079)-(978', '5910somi087', 'WORD OF MOUTH', 22, 'Reinhard@yahoo.com', 'P O Box 3950 Mooinooi 0325'),
('6005080590081', 'Moses Semenya', '(089)-(575', '(055)-(634', '(034)-(542', '6005enya081', 'Website', 20, 'Moses@langley.co.za', '550A/89 Mokalane Avenue Naledi 1861'),
('6102220345081', 'Busisiwe Saunderson', '(032)-(667', '(098)-(465', '(034)-(888', '6102rson081', 'WORD OF MOUTH', 33, 'Busisiwe@mweb.co.za', 'P O Box 529 Groothoek Hospital 0628'),
('6107030710088', 'Muhammad Mokopi', '(077)-(445', '(074)-(926', '(063)-(327', '6107kopi088', 'WORD OF MOUTH', 17, '', '7 Herts Road Westiville Durban 4091'),
('6111040850088', 'Phaphama Duminy', '(060)-(183', '(094)-(643', '(059)-(753', '6111miny088', 'WORD OF MOUTH', 32, 'Phaphama@edcon.co.za', 'Mont Blanc Unit 16 160 Constantia Street Weltevredenpark 1709'),
('6111260929085', 'Nomalizo  Malemone', '(040)-(228', '(082)-(283', '(040)-(924', '6111mone085', 'WORD OF MOUTH', 73, '', '60 Emoyeni Section Tembisa 1632'),
('6112060275088', 'Magda Peter', '(029)-(475', '(087)-(397', '(088)-(990', '6112eter088', 'WORD OF MOUTH', 40, '', 'P O Box 692 Polokwane 0700'),
('6201140807084', 'Nicholas Mdaka', '(071)-(388', '(085)-(468', '(058)-(834', '6201daka084', 'WORD OF MOUTH', 88, 'Nicholas@vodacom.co.za', '939 Louis Botha Bonaero Park 1619'),
('6204260308088', 'Nomvula  Mahlangu', '(044)-(198', '(021)-(917', '(062)-(115', '6204angu088', 'Website', 40, '', 'P O Box 3939 Dobsonville 1865'),
('6207220448088', 'Ramadimetja  Metene', '(085)-(525', '(077)-(265', '(084)-(765', '6207tene088', 'Myself', 79, '', '90 Lafayette Avenue Klein Parys 7696'),
('6209040562083', 'Neil Makgatho', '(026)-(665', '(025)-(747', '(089)-(390', '6209atho083', 'WORD OF MOUTH', 23, '', 'No 86939 Zone 8 Winnie Mandela 1632'),
('630710012087', 'Francois Mosehane', '(014)-(544', '(036)-(100', '(044)-(670', '6307hane087', 'WORD OF MOUTH', 19, '', '3 Ibsen Road Hillary 9099'),
('6310200940086', 'Dalisu  Koeries', '(069)-(425', '(032)-(330', '(096)-(395', '6310ries086', 'WORD OF MOUTH', 55, 'Dalisu @live.co.za', 'P O Box 90358 Amanzimtoti 9125'),
('6311250169086', 'Cilia  Patel', '(048)-(787', '(012)-(225', '(024)-(890', '6311atel086', 'Myself', 70, 'Cilia @chanellegroup.ie', '92 Marshall Grove Glenmore 9001'),
('6401240516085', 'Trevor  Monyela', '(061)-(353', '(021)-(668', '(088)-(951', '6401yela085', 'Website', 50, '', 'PO Box 467\nRant-en-Dal\n1751 '),
('6404030447088', 'Fezeka  Oluwaleye', '(099)-(714', '(027)-(983', '(047)-(633', '6404leye088', 'WORD OF MOUTH', 44, '', 'P O Box 2561 Koloti 0709'),
('6404210377085', 'Nkhetheni  Cele', '(018)-(287', '(070)-(126', '(013)-(266', '6404Cele085', 'Website', 16, 'Nkhetheni @nashuaisp.co.za', '19 Free State Road Beaconsfield 8301'),
('6404230631085', 'Zukisa Oloyede', '(045)-(622', '(011)-(997', '(015)-(145', '6404yede085', 'Website', 34, 'Zukisa@telkomsa.net', '2635 Zone398 Zwelitsha 5608'),
('640428082086', 'Shane  Matshazini', '(029)-(114', '(011)-(405', '(087)-(364', '6404zini086', 'WORD OF MOUTH', 86, 'Shane @westsidebrokers.co.za', '939 Mlalazi Avenue Mamelodi West 0122'),
('6408200513081', 'Jade  Ramoipone', '(062)-(318', '(076)-(546', '(072)-(631', '6408pone081', 'Myself', 64, '', 'Posbus 25685 Monumentpark 785'),
('6412050862088', 'Mmasale  Makhubu', '(067)-(529', '(034)-(322', '(084)-(881', '6412hubu088', 'Myself', 40, '', '82 Apex Road East Apex Ext 3 1501'),
('6412170702085', 'Shaun  Van Rooyen', '(068)-(361', '(088)-(797', '(030)-(608', '6412oyen085', 'WORD OF MOUTH', 70, 'Shaun @safeguardchem.co.za', 'Cnr Jensen And Bosvlier Strt 96 Soldonne Complex Clarina 0182'),
('650402056081', 'Ruduwhan  Khuluse', '(013)-(327', '(091)-(620', '(071)-(816', '6504luse081', 'Website', 35, '', '3035/5 Extension 19 Naturena 2095'),
('6507050556081', 'Kgabo  Mahlagaume', '(013)-(497', '(026)-(311', '(015)-(560', '6507aume081', 'Myself', 83, 'Kgabo @absa.co.za', '25 Canavon Avenue Bertrams 2099'),
('6507070463082', 'Celeste  Masilo', '(081)-(892', '(056)-(173', '(033)-(753', '6507silo082', 'WORD OF MOUTH', 15, '', '1399 Phake Section Katlehong 1931'),
('6507120107086', 'Tshepang  Lourens', '(060)-(182', '(089)-(675', '(046)-(614', '6507rens086', 'Myself', 75, '', '21365 First Avenue Lucky Gardens Ethwathwa 1519'),
('6509050392085', 'Selson Mthiyane', '(065)-(191', '(090)-(651', '(094)-(168', '6509yane085', 'Myself', 59, 'Selson@n-counter.com', '139339 Phase8 Sekhabi Cresent Spruitview 1931'),
('6509220788082', 'Jurgen Mokgerepi', '(064)-(723', '(044)-(912', '(034)-(907', '6509repi082', 'Myself', 42, '', '85 Ethel Avenue Fontainebleau 2199'),
('6511130973087', 'Kalaivani Rosser', '(057)-(746', '(028)-(670', '(040)-(718', '6511sser087', 'Website', 41, '', '693 Namakwa Avenue Vredendal 8160'),
('6602070398082', 'Thandokazi Lauder', '(069)-(353', '(012)-(117', '(023)-(227', '6602uder082', 'Myself', 86, '', '99 General Lucas Meyer Cres Welgelegen 7500'),
('6603100144082', 'Otsile Kubheka', '(054)-(212', '(058)-(930', '(046)-(245', '6603heka082', 'WORD OF MOUTH', 66, '', '292 Crimson Avenue Laudium 0037'),
('6605260331087', 'Culnescia Makhubela', '(085)-(104', '(061)-(581', '(027)-(200', '6605bela087', 'WORD OF MOUTH', 40, '', '250 Bernini Avenue 98 La Comores Complex Lyttelton 0157'),
('660620054086', 'Cliff Kunene', '(039)-(970', '(038)-(399', '(036)-(753', '6606nene086', 'WORD OF MOUTH', 81, '', '2652 Ext 398 Nelmapius Pretoria 0002'),
('6607010903082', 'Olaleye  Madula', '(049)-(191', '(058)-(939', '(036)-(222', '6607dula082', 'Myself', 39, 'Olaleye @inoxpa.com', 'P O Box 2663 Empumalanga 958'),
('6609200993085', 'Victor  Le Clus', '(063)-(880', '(020)-(648', '(015)-(271', '6609Clus085', 'WORD OF MOUTH', 64, 'Victor @mweb.co.za', '31 ParkAvenue Promosa 2531'),
('670305077081', 'Shephard  Kitinya', '(056)-(896', '(019)-(143', '(099)-(400', '6703inya081', 'WORD OF MOUTH', 73, 'Shephard @esmartgroup.co.za', 'P13963 Section 39 Madadeni 2951'),
('6705050635085', 'Dalisu  Lehloka', '(072)-(349', '(098)-(911', '(097)-(555', '6705loka085', 'WORD OF MOUTH', 25, '', '19 Dianthus Crescent Malabar 6020'),
('6705220156081', 'Mahlatse  Busuku', '(035)-(359', '(018)-(860', '(099)-(125', '6705suku081', 'WORD OF MOUTH', 27, '', '13 Ackermann street\nBreunanda Ext 2\nWilropark\n1724 '),
('6706090775083', 'Jaco Koopman', '(024)-(938', '(040)-(564', '(079)-(378', '6706pman083', 'WORD OF MOUTH', 34, 'Jaco@sasp;/cp,', 'PO Box 15151\nSecunda\n2302 '),
('6706260635082', 'Kehinde  Phoshoko', '(094)-(539', '(054)-(693', '(086)-(406', '6706hoko082', 'Website', 78, 'Kehinde @fpimail.co.za', 'P O Box 298539 Gezina 0031'),
('6711170133088', 'Sven  Teane', '(023)-(926', '(065)-(419', '(015)-(703', '6711eane088', 'WORD OF MOUTH', 46, '', '1599 Sofasonke Avenue Orlando East 1809'),
('6802050633083', 'Precious  Hucklesby', '(077)-(878', '(037)-(411', '(045)-(384', '6802esby083', 'WORD OF MOUTH', 50, 'Precious @kama.co.za', 'House No 9B Mohlakaneng Avenue Madibapark Seshego 791'),
('6803010610087', 'Ricardo  Malapela', '(062)-(798', '(024)-(982', '(055)-(831', '6803pela087', 'Website', 78, '', 'P O Box 133988 The Tramshed 0126'),
('6803160923084', 'Lionel  Reinke', '(016)-(745', '(092)-(354', '(030)-(217', '6803inke084', 'WORD OF MOUTH', 65, '', '199 Bramfischer Street Ferndale 2199'),
('6808120518082', 'Nthateng  Ponnusamy', '(099)-(819', '(093)-(540', '(092)-(656', '6808samy082', 'WORD OF MOUTH', 86, 'Nthateng @telkomsa.net', 'P O Box 60193 Katutura Windhoek Rep. Of Namibia Namibia 0000'),
('681014062082', 'Louis  Kearley', '(037)-(752', '(067)-(873', '(030)-(239', '6810rley082', 'Mother in Law', 63, 'Louis @icon.co.za', '19 Lismore Avenue Crosby 2092'),
('6810160795088', 'Precious  Bodenstein', '(051)-(139', '(067)-(526', '(067)-(650', '6810tein088', 'Mother in Law', 54, 'Precious @Telkomsa.net', '2309 Nu 11 Mdantsane 5219'),
('6907130694085', 'Hendrik  Enyanga', '(058)-(339', '(084)-(491', '(029)-(481', '6907anga085', 'WORD OF MOUTH', 24, 'Hendrik @yahoo.com', 'P O Box 39813393 Moreleta Plaza 0167'),
('6909200583086', 'Itumeleng  Harri', '(077)-(269', '(090)-(318', '(050)-(764', '6909arri086', 'WORD OF MOUTH', 79, 'Itumeleng @telkomsa.net', '391 Rabat Avenue Esiphethweni Section 1 Tembisa 1632'),
('6910130773087', 'Regine Prinsloo', '(053)-(575', '(044)-(978', '(055)-(120', '6910sloo087', 'Myself', 55, 'Regine@gmail.com', 'P O Box 288 Thulamahashe 1365'),
('7001190645085', 'Nilukshi  Mokoena', '(065)-(173', '(071)-(681', '(034)-(728', '7001oena085', 'Mother in Law', 33, 'Nilukshi @telkom.sa.nee', '36 Umgeni River Avenue Norkem Park 1618'),
('7002130927081', 'Christopher  Matlhaba', '(087)-(806', '(095)-(506', '(030)-(797', '7002haba081', 'Mother in Law', 33, 'Christopher @jsb.co.za', 'P O Box 13339 Polokwane 0700');
INSERT INTO `client` (`Client_id`, `Client_Name`, `Client_Tel_w`, `Client_Tel_h`, `Client_Cell`, `Client_Password`, `Client_Ref`, `Client_Age`, `Client_Email`, `Client_Address`) VALUES
('7003050348086', 'Nontshumayelo  Muniappen', '(084)-(285', '(044)-(580', '(023)-(156', '7003ppen086', 'WORD OF MOUTH', 27, 'Nontshumayelo @robertec.co.za', '29 La Provence Way Mitchell\'S Plain Westridge 7798'),
('7004060440082', 'Gaotingwe Jeffries', '(039)-(228', '(060)-(996', '(080)-(322', '7004ries082', 'Myself', 62, '', '299 Rosalind Avenue Lynnwood Ridge 0081'),
('7009130331088', 'Selson Moeketsi', '(092)-(509', '(060)-(899', '(060)-(202', '7009etsi088', 'WORD OF MOUTH', 20, 'Selson@gmail.com', 'P O Box 393993939 Mamelodi 781'),
('7101110702082', 'Matete Zaverdinos', '(061)-(556', '(071)-(940', '(069)-(639', '7101inos082', 'WORD OF MOUTH', 61, 'Matete@hotmail.com', 'Posbus 21223\nHelderkruin\n1733 '),
('7106160389084', 'Cedric  Mason', '(019)-(309', '(054)-(957', '(068)-(578', '7106ason084', 'WORD OF MOUTH', 21, 'Cedric @haasbroeksteyn.co.za', 'House No 8393/58 Mqantsa Tembisa 1632'),
('7107150227081', 'Mzukisi Sithole', '(049)-(928', '(068)-(690', '(022)-(579', '7107hole081', 'Website', 84, 'Mzukisi@nighttocare.org', 'PO Box 477\nFlorida\n1710 '),
('7108280360087', 'Maria  Vorster', '(041)-(199', '(089)-(451', '(098)-(174', '7108ster087', 'Myself', 90, 'Maria @hyundai.co.za', 'P O Box 652 Deer Park 0852'),
('7202270202087', 'Katlego Gondo', '(058)-(277', '(041)-(167', '(045)-(487', '7202ondo087', 'WORD OF MOUTH', 72, 'Katlego@hotmail.com', 'P O Box 513 Nongoma 3950'),
('7203030169082', 'Yaseen Mabena', '(038)-(490', '(064)-(905', '(048)-(378', '7203bena082', 'WORD OF MOUTH', 28, 'Yaseen@ananzi.co.za', 'P O Box 23991 Cresta 2118'),
('7205020213082', 'Leesha Phindiso', '(089)-(604', '(059)-(183', '(098)-(864', '7205diso082', 'WORD OF MOUTH', 60, 'Leesha@lantic.net', 'P O Box 6393998 Highveld 0169'),
('7205120917082', 'Richard  Banga', '(078)-(167', '(071)-(497', '(033)-(900', '7205anga082', 'WORD OF MOUTH', 76, 'Richard @gmail.com', '45 Roorden Avenue Gauteng North 3012'),
('7212170290085', 'Daniel  Buissinne', '(063)-(565', '(092)-(217', '(042)-(860', '7212inne085', 'QWT', 74, 'Daniel @work.co.za', '869 Van Essche Place Moreletapark 0181'),
('7303120569085', 'Letsoni  Tshabalala', '(046)-(282', '(095)-(467', '(067)-(239', '7303lala085', 'WORD OF MOUTH', 32, 'Letsoni @gmail.com', 'P O Box 39825 Chuenespoort 795'),
('7306050161086', 'Kishan Masala', '(013)-(149', '(038)-(200', '(098)-(716', '7306sala086', 'WORD OF MOUTH', 19, '', '129 Himalaya Street Shallcross 9093'),
('730823030086', 'Ngwagu  Horwell', '(085)-(637', '(013)-(149', '(080)-(598', '7308well086', 'Myself', 32, 'Ngwagu @gmail.com', 'Private Bag X1398 Zeerust 2865'),
('7309060944088', 'Paul  Mongake', '(062)-(974', '(043)-(375', '(035)-(824', '7309gake088', 'Website', 40, 'Paul @netcare.co.za', 'P O Box 53921 Durban 9000'),
('7312050486084', 'Matthew  Makaleng', '(095)-(557', '(079)-(285', '(085)-(939', '7312leng084', 'Myself', 53, 'Matthew @sci-bono.co.za', '90398/9 Bernina Place Extension 9 Lenasia South 1829'),
('7312170466084', 'Jesse Retief', '(029)-(644', '(085)-(627', '(084)-(576', '7312tief084', 'WORD OF MOUTH', 69, '', '35 Alamein Road Milnerton 7991'),
('7403250912088', 'Edmund Ngobeni', '(042)-(263', '(020)-(501', '(021)-(836', '7403beni088', 'Website', 51, 'Edmund@gmail.com', 'P O Box 195539 Bracken Gardens 1952'),
('740501094086', 'Mondli  Mokwebo', '(098)-(198', '(042)-(541', '(059)-(313', '7405webo086', 'WORD OF MOUTH', 61, 'Mondli @dtep.co.3A', '693 Block Dd Duduzane Avenue Soshanguve Block Dd 0152'),
('7410130630081', 'Marc  Maseng', '(036)-(772', '(074)-(268', '(042)-(857', '7410seng081', 'WORD OF MOUTH', 89, '', '92 Speciosa Road Paradyskloof 7600'),
('7411170290083', 'Jaco  Syrzysko', '(055)-(404', '(029)-(598', '(059)-(137', '7411ysko083', 'Website', 83, 'Jaco @gmail.com', 'P O Box 939 Makonde 989'),
('7412210788083', 'Botshelo Bhagwan', '(064)-(419', '(083)-(158', '(071)-(836', '7412gwan083', 'Website', 51, 'Botshelo@rmcs.co.za', 'P O Box 13909 Riverside 1226'),
('7503060788083', 'Nasreen Mbatha', '(037)-(844', '(023)-(168', '(018)-(776', '7503atha083', 'WORD OF MOUTH', 79, '', '33 Ferreira Avenue Discovery 1709'),
('7505030416082', 'Nkululeko  Ntumba', '(098)-(649', '(095)-(590', '(074)-(370', '7505umba082', 'Myself', 46, '', '6 Beacon Road Sunnyridge 5201'),
('7511030931085', 'Maria  Shihlomulo', '(098)-(775', '(077)-(268', '(095)-(241', '7511mulo085', 'WORD OF MOUTH', 90, '', '15 Circle Road Capetown Table View 7991'),
('7512130745085', 'Jesse Ntshabele', '(077)-(451', '(086)-(294', '(024)-(307', '7512bele085', 'Myself', 55, 'Jesse@aforbes.co.za', 'Posbus 21617\nHelderkruin\n1733 '),
('7602020209088', 'Baipidi Van Der Walt', '(075)-(390', '(092)-(327', '(011)-(531', '7602Walt088', 'Myself', 18, '', '906 Elmdor Marine Street Humewood 6001'),
('7609090369085', 'Warren  Harri', '(030)-(926', '(088)-(143', '(055)-(520', '7609arri085', 'WORD OF MOUTH', 18, 'Warren @hotmail.co.uk', 'Room 3 Main Avenue Cambridge 5297'),
('7609110201086', 'Magda Dlamini', '(038)-(807', '(015)-(698', '(050)-(502', '7609mini086', 'WORD OF MOUTH', 53, '', '16 Johan Heunis Cresent Rooi Rivier Rif George 6529'),
('7609240686081', 'Morifi  Malungani', '(089)-(254', '(063)-(403', '(025)-(141', '7609gani081', 'WORD OF MOUTH', 23, 'Morifi @metroweb.co.za', 'P O Box 18168 Hillbrow 2038'),
('7610250179087', 'Thipe  Mogotlane', '(052)-(797', '(025)-(824', '(038)-(579', '7610lane087', 'WORD OF MOUTH', 78, '', '1991 Tau Avenue Zone9 Seshego 791'),
('7701030854083', 'Hisham Khumalo', '(053)-(429', '(034)-(903', '(053)-(607', '7701malo083', 'Website', 46, '', 'Ministry Of Education P O Box 98 Mont Fleuri Mahe Seychelles 0000'),
('770124076088', 'Simphiwe  Madia', '(044)-(609', '(063)-(218', '(031)-(738', '7701adia088', 'Myself', 73, 'Simphiwe @insuredoc.co.za', 'Unit F9 Parksig Flats Durban Road Oakdale Lgd 7530'),
('7701260528087', 'Thabiso  Nhlapo', '(071)-(906', '(039)-(695', '(016)-(235', '7701lapo087', 'WORD OF MOUTH', 25, 'Thabiso @mtnloaded.co.za', 'P O Box 1258 Kwadukuza 9950'),
('7704070438085', 'Muhammad Vaphi', '(064)-(654', '(083)-(356', '(050)-(668', '7704aphi085', 'WORD OF MOUTH', 52, '', '3 Waterbok Flat 15 Echo Road Pietermaritzburg 3201'),
('7705180627087', 'Alex  Genge', '(024)-(853', '(099)-(979', '(079)-(295', '7705enge087', 'WORD OF MOUTH', 40, 'Alex @iafrica.com', 'P O Box 650 Phalaborwa 1390'),
('7707250934088', 'Kholofelo Oppermann', '(072)-(366', '(058)-(359', '(046)-(798', '7707mann088', 'WORD OF MOUTH', 44, 'Kholofelo@polka.co.za', 'B590 Mpungushe Road Ntuzuma T/Ship Kwamashu 9359'),
('771109035087', 'Otsile Mshaisa', '(066)-(825', '(059)-(556', '(079)-(505', '7711aisa087', 'WORD OF MOUTH', 77, 'Otsile@gmail.com', 'PO Box 412\nBergbron\n1712 '),
('7801120638083', 'Kishan Loliwe', '(072)-(785', '(021)-(888', '(091)-(512', '7801liwe083', 'WORD OF MOUTH', 29, 'Kishan@iburst.co.za', 'P O Box 6152 Tyger Valley 7536'),
('7804050808083', 'Shaun  Pinto', '(061)-(563', '(016)-(163', '(042)-(992', '7804into083', 'WORD OF MOUTH', 15, '', '26 Logan Avenue Highveld 0157'),
('7805110427084', 'Shephard  Nukeri', '(072)-(865', '(018)-(524', '(098)-(299', '7805keri084', 'WORD OF MOUTH', 42, 'Shephard @sttreses.co.za', '201 Balaton Court 19 Pietersen Avenue Hillbrow 2001'),
('780622020088', 'Nkosikhona  Nkgapele', '(068)-(726', '(014)-(280', '(018)-(769', '7806pele088', 'WORD OF MOUTH', 36, 'Nkosikhona @UNIGRAIN.CO.ZA', 'P O Box 1905 Ga-Kgapane 0838'),
('7808140304084', 'Mothupi  Hlongwane', '(034)-(351', '(096)-(469', '(016)-(626', '7808wane084', 'Website', 86, '', '162 Apollost Ext 1 Ennerdale 1830'),
('7808220226082', 'Norman  Mokopi', '(094)-(679', '(068)-(542', '(032)-(954', '7808kopi082', 'Website', 65, 'Norman @tekton.co.za', '65 Terrace Road Bertrams 2099'),
('7809130240082', 'Akho Mathobela', '(092)-(202', '(065)-(484', '(053)-(887', '7809bela082', 'Myself', 61, 'Akho@cometkitchens.co.za', '6392 Extension 2 Kwaxuma 1868'),
('7902150410084', 'Frans  Sebate', '(041)-(193', '(012)-(377', '(084)-(516', '7902bate084', 'WORD OF MOUTH', 39, 'Frans @gmail.com', '29 Naboomstraat\nWilropark\nRoodepoort\n1724 '),
('7906010195081', 'Richard  Senabe', '(014)-(340', '(030)-(698', '(038)-(127', '7906nabe081', 'WORD OF MOUTH', 35, '', '28 Springbok Avenue Lime Acres 8978'),
('7907160124082', 'Phumzile  Phiri', '(099)-(100', '(016)-(434', '(053)-(663', '7907hiri082', 'WORD OF MOUTH', 38, 'Phumzile @standardbank.co.za', 'P O Box 191 Maraisburg 1700'),
('7912110951087', 'Abdul  Makuyi', '(074)-(250', '(093)-(136', '(015)-(592', '7912kuyi087', 'Website', 19, 'Abdul @tracker.co.za', 'P O Box 1959 Mondeor 2178'),
('8004280354084', 'Matome  Maharaj', '(031)-(344', '(028)-(471', '(029)-(396', '8004araj084', 'WORD OF MOUTH', 87, '', '185639 Ext 12 Ikageng 2539'),
('8005030611082', 'Mduduzi Linde', '(046)-(362', '(071)-(253', '(017)-(540', '8005inde082', 'Myself', 60, 'Mduduzi@polosa.com', 'P O Box 55558 Northlands 2116'),
('8006220732085', 'Wouter Mlawuli', '(055)-(673', '(091)-(108', '(036)-(239', '8006wuli085', 'Myself', 54, '', 'Qalakabusha Correctional Cen P/Bag X 20088 Empangeni 3880'),
('8008280468086', 'Sylvester  Bhana', '(057)-(923', '(023)-(581', '(026)-(755', '8008hana086', 'WORD OF MOUTH', 24, '', '19 Countess Avenue Windsor West 2199'),
('8009100659085', 'Hulisani  Phakwago', '(087)-(471', '(047)-(194', '(051)-(421', '8009wago085', 'WORD OF MOUTH', 46, 'Hulisani @safeguardchem.co.za', '29 9Th Avenue Greymont 2195'),
('8012160653084', 'Lucas De Witt', '(062)-(911', '(098)-(560', '(043)-(869', '8012Witt084', 'WORD OF MOUTH', 75, 'Lucas@gmail.com', 'P O Box 399 Mothotlung 0268'),
('8101060996085', 'Nkosinathi  Laka', '(092)-(514', '(052)-(272', '(096)-(505', '8101Laka085', 'Myself', 35, '', '999 Smith Avenue Room 219 Vister View Durban 9001'),
('8103140774084', 'Wendy  Govender', '(021)-(427', '(099)-(842', '(059)-(648', '8103nder084', 'WORD OF MOUTH', 25, 'Wendy @gmail.com', 'P O Box 1526 Mahikeng 2795'),
('8104260177081', 'Ntsakisi  Rudolph', '(015)-(960', '(092)-(510', '(026)-(259', '8104olph081', 'Website', 46, '', '392 Mashilwane Avenue Tladi 1868'),
('8105100593086', 'Sean Lutrin', '(077)-(498', '(036)-(820', '(078)-(602', '8105trin086', 'WORD OF MOUTH', 32, 'Sean@unisa.ac.za', '205 Monaco 213 Troye Mucklenuek Pretoria 0002'),
('820305040087', 'William Sifile', '(049)-(384', '(016)-(351', '(047)-(198', '8203file087', 'Myself', 24, 'William@sabc.co.za', '52 Rusticana Generaal Beyers Avenue Pentagonpark 9301'),
('82032206087', 'Wouter Burger', '(087)-(284', '(085)-(927', '(062)-(400', '8203rger087', 'WORD OF MOUTH', 50, '', '2119 Tlhapi Avenue Cloverdene 1513'),
('8209140103086', 'Jan  Lesolisa', '(065)-(497', '(046)-(368', '(034)-(681', '8209lisa086', 'WORD OF MOUTH', 53, '', '116 SELBOURNE STREET PAROW '),
('8209260885087', 'Senyelo  Koopman', '(078)-(208', '(080)-(949', '(057)-(235', '8209pman087', 'WORD OF MOUTH', 49, 'Senyelo @mweb.co.za', '566 Buccaneer Avenue Elarduspark 0181'),
('8210240595083', 'Adrienne Dambuza', '(067)-(200', '(066)-(408', '(089)-(724', '8210buza083', 'WORD OF MOUTH', 40, 'Adrienne@deomar.com', '16 Forsyth street\nNoordheuwel\nKrugersdorp '),
('8301170304085', 'Adrienne Grobler', '(030)-(319', '(088)-(787', '(081)-(967', '8301bler085', 'WORD OF MOUTH', 30, '', '295 Marine Street 33 Savanay Bluff 9052'),
('8306110412083', 'Saegan Louw', '(076)-(359', '(014)-(268', '(012)-(489', '8306Louw083', 'WORD OF MOUTH', 90, '', '16 Villion Avenue De Zoete Inval Paarl 7696'),
('8309040682084', 'Lufuno Soare', '(060)-(367', '(098)-(178', '(029)-(549', '8309oare084', 'WORD OF MOUTH', 75, 'Lufuno@telkomsa.net', '398 Encore,Cresent Glades Cresent Glades Patchouli Cresent Noordwyk 16'),
('8406270311082', 'Lunghile  Malatji', '(086)-(953', '(022)-(953', '(068)-(507', '8406atji082', 'WORD OF MOUTH', 74, 'Lunghile @mtnloaded.co.za', '9 Sarie Marias Avenue Pellissier 9301'),
('8407030360083', 'Sumitra Ngcobo', '(020)-(820', '(018)-(921', '(066)-(229', '8407cobo083', 'Myself', 22, '', '19 Eileen Court Kimberley 8301'),
('8409280542088', 'Leesha Madisha', '(051)-(980', '(099)-(817', '(058)-(120', '8409isha088', 'WORD OF MOUTH', 34, 'Leesha@envisionliving.co.za', '1529 Khakhu Avenue Daveyton 1520'),
('8501030560088', 'Calvin Mpatane', '(070)-(292', '(050)-(372', '(075)-(940', '8501tane088', 'Website', 26, 'Calvin@FANEWS.CO.ZA', '305 Taaiboshof 200 Kraai Avenue Kwaggasrand 0183'),
('8501270465083', 'Nompilo  Ndaba', '(091)-(619', '(047)-(479', '(051)-(914', '8501daba083', 'Myself', 89, 'Nompilo @ens.co.za', 'P O Box 200 Gompies 0631'),
('8502060290083', 'Amukelani  Naick', '(027)-(496', '(027)-(644', '(051)-(695', '8502aick083', 'WORD OF MOUTH', 74, 'Amukelani @rbiworld.co.za', 'P O Box 33 Muizenberg 7950'),
('8504060165087', 'Brian  Nkatu', '(068)-(204', '(067)-(357', '(068)-(263', '8504katu087', 'WORD OF MOUTH', 30, '', 'P O Box 2396 Makonde 989'),
('8506270616083', 'Piet Mynhardt', '(075)-(183', '(090)-(151', '(082)-(715', '8506ardt083', 'Website', 32, '', '20 Tweevingers Avenue Danville Ext 3 0183'),
('8508060640084', 'Neliswa Kunene', '(020)-(940', '(092)-(381', '(016)-(197', '8508nene084', 'Website', 85, 'Neliswa@anchor.co.za', 'Mondeor, Columbine Ave, Mondeor Gardens, Unit 2039 Mondeor 2091'),
('8508170901082', 'Ntotole  Mbung', '(059)-(431', '(037)-(309', '(038)-(650', '8508bung082', 'WORD OF MOUTH', 42, 'Ntotole @yahoo.com', 'Lower Germiston Road Room 163 Rosherville 2099'),
('851123068082', 'Mongezi Makhale', '(089)-(557', '(073)-(645', '(014)-(920', '8511hale082', 'WORD OF MOUTH', 52, 'Mongezi@devoslicharus.co.za', '839 Gauntlet Close Ormonde View 2091'),
('8511250864088', 'Mxoleleni  Burrows', '(097)-(244', '(074)-(541', '(077)-(684', '8511rows088', 'WORD OF MOUTH', 23, '', 'P O Box 39892 Driekop 1129'),
('8512050670085', 'Tlou  Ramushi', '(094)-(667', '(097)-(245', '(042)-(476', '8512ushi085', 'WORD OF MOUTH', 48, 'Tlou @gmail.com', 'P O Box 58390 Durban 9000'),
('8610120779086', 'Promise  Mdluli', '(056)-(978', '(041)-(990', '(014)-(332', '8610luli086', 'Website', 63, 'Promise @polka.co.za', '308 Brook Avenue Menlo Park 0081'),
('8612040918085', 'Tony  Mgidi', '(011)-(286', '(035)-(650', '(084)-(492', '8612gidi085', 'Myself', 51, '', '69639 Ext 3 Winterveldt 0198'),
('8703170594084', 'Zukisa Sifile', '(016)-(764', '(041)-(600', '(017)-(238', '8703file084', 'Myself', 22, 'Zukisa@yahoo.com', 'VygieAvenue 9 Denne-Oord 6529'),
('8703280117084', 'Petrus  Naidoo', '(057)-(762', '(043)-(229', '(035)-(325', '8703idoo084', 'Myself', 79, '', '5699 Moilao Street Kagiso 2 1759'),
('8709250986088', 'Lungiswa  Van Niekerk', '(048)-(829', '(054)-(469', '(020)-(524', '8709kerk088', 'Myself', 87, 'Lungiswa @unisa.ac.za', 'George Post Office 95 York Avenue George 6529'),
('8802220958083', 'Tshepo  Pillay', '(045)-(284', '(014)-(327', '(048)-(203', '8802llay083', 'Myself', 65, '', 'Gonubie Palms Unit 230 Gonubie Palms East London Gonubie 5257'),
('8807130418086', 'Muteba  Phiri', '(088)-(402', '(096)-(689', '(086)-(718', '8807hiri086', 'Website', 63, '', '15 Sekwinya Saulsville 0125'),
('8807180866088', 'Mabokale  Lephalala', '(039)-(763', '(032)-(122', '(094)-(341', '8807lala088', 'WORD OF MOUTH', 58, 'Mabokale @ananzi.co.za', '30 Nederburg Avenue Royldene 8301'),
('8810240788083', 'Lee-Anne  Zwakala', '(038)-(769', '(048)-(933', '(078)-(990', '8810kala083', 'WORD OF MOUTH', 29, 'Lee-Anne @wastegiant.co.za', '3986A 3Rd Ave Fairland 2170'),
('8902010959088', 'Job Spengane', '(064)-(925', '(015)-(912', '(013)-(957', '8902gane088', 'WORD OF MOUTH', 20, '', '5 Rustenburg Dr Bellville 7530'),
('8906120948084', 'Ivo  Naidoo', '(050)-(141', '(084)-(418', '(052)-(805', '8906idoo084', 'Myself', 89, 'Ivo @sciohealth4life.co.za', 'China Construction Bank 5Th Floor, 95 Grayston Street Sandhurst 2196'),
('8906230122083', 'Tiishetjo Makuwa', '(090)-(253', '(020)-(428', '(053)-(535', '8906kuwa083', 'Website', 22, 'Tiishetjo@lantic.net', 'P O Box 2398 Nagina 3609'),
('8907090202087', 'Andre  Letsoele', '(025)-(261', '(028)-(531', '(042)-(352', '8907oele087', 'Myself', 64, '', '23939 Polaris Avenue Waterkloof Ridge 0181'),
('8907280730087', 'Moeketsi  Chauke', '(043)-(924', '(039)-(823', '(027)-(345', '8907auke087', 'WORD OF MOUTH', 50, 'Moeketsi @mweb.co.za', 'P O Box 868 Port Edward 9295'),
('8908220122088', 'Andre  Schoeman', '(023)-(794', '(066)-(489', '(057)-(850', '8908eman088', 'WORD OF MOUTH', 57, 'Andre @work.co.za', 'PO Bos 535\nHONEYDEW\n2040 '),
('9003280235085', 'Alex  Mkhonto', '(061)-(129', '(097)-(965', '(029)-(270', '9003onto085', 'WORD OF MOUTH', 47, '', '15 Beaufort Place 39 Beaufort Avenue Goodwood Park 7960'),
('9010200680087', 'Mothupi  Xulubana', '(065)-(848', '(018)-(867', '(039)-(256', '9010bana087', 'WORD OF MOUTH', 52, 'Mothupi @telkomsa.net', 'P O Box 3912 Pretoria 0001'),
('9012110306084', 'Thapelo  Mokoena', '(053)-(715', '(055)-(900', '(043)-(775', '9012oena084', 'WORD OF MOUTH', 42, 'Thapelo @gmail.com', 'C18239 Umsunduzi Road Kwamashu 9359'),
('9103060340082', 'Mpho  Hleza', '(026)-(340', '(046)-(303', '(083)-(339', '9103leza082', 'Myself', 22, '', '9953 Motloung Avenue Dobsonville Ext 3 1863'),
('9109140754088', 'Mashamokwena  Van Vuuren', '(099)-(338', '(072)-(432', '(097)-(273', '9109uren088', 'Myself', 84, 'Mashamokwena @mweb.co.za', '995 30Th Avenue Villieria 0186'),
('9109150355087', 'Kgabo  Le Masson', '(029)-(565', '(041)-(515', '(019)-(579', '9109sson087', 'Myself', 86, '', 'Unit 20 Monte Rosa Complex 293 Moerdyk Avenue Kyalami Hills Ext 5 1689'),
('9109270875081', 'Mavis Khumalo', '(077)-(873', '(040)-(156', '(054)-(881', '9109malo081', 'Website', 62, 'Mavis@telkomsa.net', 'Mervelous Cyberworld 62C President Avenue Gemiston Georgetown 1901'),
('9110230494081', 'Nonjabulo Horwell', '(031)-(273', '(068)-(334', '(081)-(360', '9110well081', 'WORD OF MOUTH', 85, 'Nonjabulo@stteresas.co.za', '39 Rose Avenue Florida Ext 1709'),
('9202010527088', 'Nonhlanhla  Rusch', '(041)-(969', '(067)-(928', '(096)-(913', '9202usch088', 'WORD OF MOUTH', 27, 'Nonhlanhla @iburst.co.za', '28 Moshoeshe Avenue Zone 11 Sebokeng 1983'),
('9202050898085', 'Quentin Lesolisa', '(026)-(862', '(046)-(760', '(058)-(898', '9202lisa085', 'WORD OF MOUTH', 61, 'Quentin@vodamail.co.za', '3986 Vukani Complex North Riding Ext 1 2169'),
('9204240981082', 'Emmanuel Tyhalithi', '(056)-(747', '(014)-(840', '(044)-(582', '9204ithi082', 'WORD OF MOUTH', 32, 'Emmanuel@ittesa.co.za', 'PO Box 3154\nBedfordview\n2008 '),
('9210110388086', 'Itumeleng  Maphoto', '(020)-(761', '(054)-(223', '(099)-(788', '9210hoto086', 'WORD OF MOUTH', 75, '', '11 RUTSTEIN AVENUE BEN KAMMA '),
('9210160769082', 'Dinkonyane  Monyela', '(025)-(803', '(089)-(394', '(050)-(262', '9210yela082', 'WORD OF MOUTH', 27, 'Dinkonyane @lantic.net', '62 Major Road Clayville East Ext 39 Olifantsfontein 1666'),
('9212120894085', 'Sandile  Ntshabele', '(060)-(733', '(046)-(662', '(057)-(827', '9212bele085', 'WORD OF MOUTH', 20, '', '395 President Avenue Mutual N Federal Johhanesburg Johannesburg 2001'),
('9304280349087', 'Mmasaka  Mkhonza', '(091)-(988', '(061)-(236', '(044)-(268', '9304onza087', 'Website', 74, 'Mmasaka @gmail.com', 'P O Box 626 Mokopane 0600'),
('9307040620082', 'Reinhard Mabowa', '(013)-(283', '(038)-(340', '(024)-(589', '9307bowa082', 'WORD OF MOUTH', 49, '', '163983 Thabanchu Avenue Kagiso Ext 12 1759'),
('9308240548084', 'Mduduzi  Buys', '(098)-(839', '(067)-(592', '(097)-(837', '9308Buys084', 'Website', 58, 'Mduduzi @mweb.co.za', '06 Baileybridge Unit 9 Stonebridge Phoenix 9068'),
('9311100557082', 'Thilivhali  Ramrathan', '(081)-(608', '(028)-(200', '(042)-(913', '9311than082', 'Website', 27, 'Thilivhali @mweb.co.za', 'P O Box 1398 Thulamahashe 1365'),
('9403280679088', 'Daniel  Khoza', '(056)-(753', '(058)-(187', '(091)-(845', '9403hoza088', 'Website', 34, 'Daniel @vodamail.co.za', 'P O Box 20951 Spruitview 1925'),
('9405050739085', 'Hendrik  Makama', '(031)-(205', '(093)-(571', '(046)-(268', '9405kama085', 'Website', 20, '', '1399 Danie Theron Avenue Pretoria North 0182'),
('9408100658087', 'Lonwabo Tandwa', '(084)-(973', '(073)-(654', '(011)-(179', '9408ndwa087', 'WORD OF MOUTH', 47, 'Lonwabo@mikropul.co.za', '398 Florance 263 Von Willich Die Hoewes 0157'),
('9411220643082', 'Brandon  Van Rooyen', '(073)-(645', '(078)-(373', '(073)-(841', '9411oyen082', 'Qwt', 23, '', 'P O Box 1966 Mathibestad 918'),
('9412180136082', 'Daniel  Kholophe', '(079)-(365', '(032)-(577', '(037)-(517', '9412ophe082', 'Website', 19, 'Daniel @kmcs.co.za', 'P O Box 339 Nebo 7859'),
('9502240191083', 'Surendran Mkhatswa', '(042)-(832', '(030)-(568', '(023)-(789', '9502tswa083', 'WORD OF MOUTH', 31, '', '93985 Ext 11 Tembisa 1632'),
('9503010970083', 'Dolly  Mogano', '(039)-(941', '(092)-(422', '(093)-(272', '9503gano083', 'WORD OF MOUTH', 45, 'Dolly @telkomsa.net', 'F 602 Umlazi 9066'),
('950310057086', 'Njabulo  Bouwer', '(010)-(844', '(021)-(629', '(078)-(213', '9503uwer086', 'Website', 45, 'Njabulo @iafrica.com', 'Edgemead Monte Vista Library Edgemead Street Edgemead 7991'),
('9504060158084', 'Cecil  Koopman', '(022)-(512', '(020)-(848', '(096)-(555', '9504pman084', 'WORD OF MOUTH', 65, 'Cecil @telkomsa.net', '2363 Vuma Avenue Phomolong 1632'),
('9509040129082', 'Nomfundo  Labuschagne', '(013)-(539', '(090)-(760', '(055)-(539', '9509agne082', 'Myself', 29, 'Nomfundo @gmail.com', 'P O Box 195398 Madadeni 2951'),
('9601060188087', 'Jade  Raolane', '(018)-(847', '(036)-(625', '(066)-(720', '9601lane087', 'WORD OF MOUTH', 42, '', '205 Balaton Court 19 Petersien & Twist Avenue Hillbrow 2001'),
('960124047081', 'Phatte  Yeki', '(071)-(791', '(025)-(393', '(074)-(192', '9601Yeki081', 'WORD OF MOUTH', 82, '', 'Lot 225 Ohlange 9309'),
('9606270939081', 'Ntombekaya Lubbe', '(019)-(588', '(047)-(140', '(011)-(325', '9606ubbe081', 'WORD OF MOUTH', 32, 'Ntombekaya@eject.co.za', '3039 Transburgr 308 Jacob Marais Avenue Pretoria 0002'),
('9608280617083', 'Mamahooe  Gumbi', '(045)-(484', '(026)-(231', '(095)-(373', '9608umbi083', 'WORD OF MOUTH', 88, '', '16 Speldekussinglaan\nRoodekrans '),
('9609270686085', 'Charl  Wamala', '(063)-(856', '(090)-(380', '(049)-(919', '9609mala085', 'Website', 20, 'Charl @olg.co.za', 'P O Box 52056 Wierdapark 199'),
('9611120247088', 'Bernhardt  Japudi', '(057)-(119', '(082)-(871', '(054)-(528', '9611pudi088', 'WORD OF MOUTH', 22, 'Bernhardt @gmail.com', '3191 Poelano Avenue Extension 9 Nellmapius 0122'),
('9611150348082', 'Vuyokazi  Eckstein', '(032)-(757', '(014)-(696', '(053)-(145', '9611tein082', 'WORD OF MOUTH', 53, 'Vuyokazi @hotmail.com', 'P O Box 939 Lydenburg 1120'),
('9612070824088', 'Culnescia Webb', '(087)-(271', '(068)-(355', '(053)-(437', '9612Webb088', 'Myself', 90, 'Culnescia@gmail.com', 'Unit 50 Camargue Complex Kerner Close Lakeside 7995'),
('9701100285087', 'Moses Maarman', '(065)-(470', '(010)-(809', '(021)-(931', '9701rman087', 'WORD OF MOUTH', 34, 'Moses@mweb.co.za', '39 Corbett Crescent Avenue Westgate 3201'),
('9701100741082', 'Thipe  Sibei', '(071)-(573', '(025)-(823', '(015)-(926', '9701ibei082', 'Myself', 77, 'Thipe @edcon.co.za', 'P O Box 9399 Braambos Military Base 959'),
('9706130545082', 'Josaya  Chauke', '(015)-(456', '(024)-(396', '(048)-(560', '9706auke082', 'Website', 45, 'Josaya @gmail.com', '12 Tweevingergras Danville 0183'),
('9710010812081', 'Phakamani  Owens', '(091)-(519', '(067)-(697', '(094)-(115', '9710wens081', 'WORD OF MOUTH', 55, 'Phakamani @gmail.com', 'Shopware Office, Whitehills Junxion Office Park, Whitehills Blv, Loneh'),
('9710230788081', 'Avela Ketelo', '(055)-(878', '(083)-(610', '(051)-(405', '9710telo081', 'Myself', 46, '', '39801 Okapi Avenue Pennyville 1809'),
('9712150845081', 'Nomvula  Mchunu', '(090)-(943', '(024)-(240', '(063)-(230', '9712hunu081', 'Myself', 85, '', '139 Riverclose Camelia Avenue Lynnwood 0081'),
('9810260112082', 'Terrence  Mafogo', '(029)-(446', '(089)-(251', '(023)-(154', '9810fogo082', 'Myself', 46, '', '39823 Section P Mamelodi West 0122'),
('9811220178083', 'Hulisani  Bethlehem', '(021)-(676', '(045)-(805', '(091)-(247', '9811ehem083', 'Myself', 18, '', '21 Yvonne street\nHelderkruin '),
('9901030534081', 'Thabelo  Mabota', '(099)-(549', '(097)-(574', '(024)-(765', '9901bota081', 'WORD OF MOUTH', 17, 'Thabelo @telkomsa.net', '9 Everlasting Avenue Unit 2 Trinity 1901'),
('9902110250084', 'Nkhetheni  Maluleke', '(089)-(913', '(058)-(917', '(034)-(415', '9902leke084', 'WORD OF MOUTH', 81, '', 'P O Box 1212 Kabokweni 1295'),
('9907280115082', 'Paul  Phakathi', '(058)-(553', '(056)-(331', '(014)-(552', '9907athi082', 'WORD OF MOUTH', 47, '', '11 Rutstein Avenue Ben Kamma 6025'),
('9908260536088', 'Kaone  Mohammed', '(057)-(591', '(092)-(559', '(014)-(633', '9908mmed088', 'WORD OF MOUTH', 68, '', 'P O Box 3089 Knysna 6570'),
('9910060946082', 'Christopher Mitchel', '(013)-(862', '(092)-(948', '(027)-(728', '9910chel082', 'WORD OF MOUTH', 55, '', '9 Albatross Way Thornton 7960'),
('9910120124085', 'Emil Venter', '(061)-(382', '(023)-(574', '(065)-(592', '9910nter085', 'Myself', 39, 'Emil@transnet.net', 'P O Box 63639 Weltevredenpark 1715'),
('9911090794084', 'Lerato  Gaanakgomo', '(029)-(447', '(052)-(475', '(058)-(710', '9911gomo084', 'Myself', 48, 'Lerato @gplat.co.za', 'P O Box 30099 Temba 907'),
('991212074083', 'Ayanda Mukwevho', '(035)-(341', '(017)-(948', '(015)-(469', '9912evho083', 'WORD OF MOUTH', 38, 'Ayanda@mweb.co.za', '11 MAYIBUYE HOUSE NO 19326 JOBURG IVORY PARK EXT 12 '),
('Client_id', 'Client_Name', 'Client_Tel', 'Client_Tel', 'Client_Cel', 'Client_Password', 'Client_Ref', 0, 'Email', 'Client_Address');

-- --------------------------------------------------------

--
-- Table structure for table `consultation`
--

CREATE TABLE `consultation` (
  `Consult_id` int(11) NOT NULL,
  `Consult_description` varchar(250) DEFAULT NULL,
  `Consult_price` decimal(7,2) DEFAULT NULL,
  `Client_age` tinyint(4) NOT NULL
) ENGINE=InnoDB DEFAULT CHARSET=latin1;

--
-- Dumping data for table `consultation`
--

INSERT INTO `consultation` (`Consult_id`, `Consult_description`, `Consult_price`, `Client_age`) VALUES
(1, 'Vitamins Dispensary', '300.00', 7),
(2, 'Stomach ache', '0.00', 45),
(3, 'Headache', '0.00', 19),
(4, 'Heartburn', '300.00', 46),
(5, 'shortness of breath', '300.00', 21),
(6, 'High blood Pressure', '300.00', 72),
(7, 'Weight Problems', '300.00', 33),
(8, 'Eye sight Problems', '300.00', 19),
(9, 'Vitamins Dispensary', '0.00', 78),
(10, 'Stomach ache', '320.00', 54),
(11, 'Headache', '0.00', 57),
(12, 'Heartburn', '0.00', 97),
(13, 'shortness of breath', '0.00', 34),
(14, 'High blood Pressure', '320.00', 98),
(15, 'Weight Problems', '320.00', 72),
(16, 'Eye sight Problems', '0.00', 32),
(17, 'Vitamins Dispensary', '0.00', 33),
(18, 'Stomach ache', '0.00', 69),
(19, 'Headache', '320.00', 28),
(20, 'Heartburn', '320.00', 78),
(21, 'shortness of breath', '0.00', 76),
(22, 'High blood Pressure', '0.00', 79),
(23, 'Weight Problems', '0.00', 57),
(24, 'Eye sight Problems', '320.00', 40),
(25, 'Vitamins Dispensary', '0.00', 13),
(26, 'Stomach ache', '0.00', 44),
(27, 'Headache', '320.00', 52),
(28, 'Heartburn', '320.00', 29),
(29, 'shortness of breath', '320.00', 24),
(30, 'High blood Pressure', '0.00', 51),
(31, 'Weight Problems', '0.00', 75),
(32, 'Eye sight Problems', '0.00', 59),
(33, 'Vitamins Dispensary', '0.00', 71),
(34, 'Stomach ache', '320.00', 46),
(35, 'Headache', '0.00', 23),
(36, 'Heartburn', '0.00', 33),
(37, 'shortness of breath', '0.00', 19),
(38, 'High blood Pressure', '0.00', 45),
(39, 'Weight Problems', '320.00', 29),
(40, 'Eye sight Problems', '0.00', 33),
(41, 'Vitamins Dispensary', '0.00', 26),
(42, 'Stomach ache', '0.00', 46),
(43, 'Headache', '320.00', 58),
(44, 'Heartburn', '0.00', 69),
(45, 'shortness of breath', '0.00', 79),
(46, 'High blood Pressure', '0.00', 0),
(47, 'Weight Problems', '0.00', 0),
(48, 'Eye sight Problems', '320.00', 0),
(49, 'Vitamins Dispensary', '0.00', 0),
(50, 'Stomach ache', '320.00', 0),
(51, 'Headache', '320.00', 0),
(52, 'Heartburn', '0.00', 0),
(53, 'shortness of breath', '320.00', 0),
(54, 'High blood Pressure', '0.00', 0),
(55, 'Weight Problems', '0.00', 0),
(56, 'Eye sight Problems', '0.00', 0),
(57, 'Vitamins Dispensary', '0.00', 0),
(58, 'Stomach ache', '320.00', 0),
(59, 'Headache', '0.00', 0),
(60, 'Heartburn', '320.00', 0),
(61, 'shortness of breath', '320.00', 0),
(62, 'High blood Pressure', '0.00', 0),
(63, 'Weight Problems', '0.00', 0),
(64, 'Eye sight Problems', '320.00', 0),
(65, 'Vitamins Dispensary', '0.00', 0),
(66, 'Stomach ache', '0.00', 0),
(67, 'Headache', '320.00', 0),
(68, 'Heartburn', '320.00', 0),
(69, 'shortness of breath', '0.00', 0),
(70, 'High blood Pressure', '0.00', 0),
(71, 'Weight Problems', '0.00', 0),
(72, 'Eye sight Problems', '320.00', 0),
(73, 'Vitamins Dispensary', '0.00', 0),
(74, 'Stomach ache', '320.00', 0),
(75, 'Headache', '320.00', 0),
(76, 'Heartburn', '0.00', 0),
(77, 'shortness of breath', '0.00', 0),
(78, 'High blood Pressure', '320.00', 0),
(79, 'Weight Problems', '0.00', 0),
(80, 'Eye sight Problems', '0.00', 0),
(81, 'Vitamins Dispensary', '0.00', 0),
(82, 'Stomach ache', '350.00', 0),
(83, 'Headache', '0.00', 0),
(84, 'Heartburn', '0.00', 0),
(85, 'shortness of breath', '350.00', 0),
(86, 'High blood Pressure', '350.00', 0),
(87, 'Weight Problems', '350.00', 0),
(88, 'Eye sight Problems', '350.00', 0),
(89, 'Vitamins Dispensary', '350.00', 0),
(90, 'Stomach ache', '350.00', 0),
(91, 'Headache', '0.00', 0),
(92, 'Heartburn', '0.00', 0),
(93, 'shortness of breath', '0.00', 0),
(94, 'High blood Pressure', '0.00', 0),
(95, 'Weight Problems', '350.00', 0),
(96, 'Eye sight Problems', '0.00', 0),
(97, 'Vitamins Dispensary', '350.00', 0),
(98, 'Stomach ache', '350.00', 0),
(99, 'Headache', '0.00', 0),
(100, 'Heartburn', '0.00', 0),
(101, 'shortness of breath', '0.00', 0),
(102, 'High blood Pressure', '0.00', 0),
(103, 'Weight Problems', '350.00', 0),
(104, 'Eye sight Problems', '0.00', 0),
(105, 'Vitamins Dispensary', '0.00', 0),
(106, 'Stomach ache', '0.00', 0),
(107, 'Headache', '0.00', 0),
(108, 'Heartburn', '0.00', 0),
(109, 'shortness of breath', '0.00', 0),
(110, 'High blood Pressure', '0.00', 0),
(111, 'Weight Problems', '0.00', 0),
(112, 'Eye sight Problems', '0.00', 0),
(113, 'Vitamins Dispensary', '0.00', 0),
(114, 'Stomach ache', '0.00', 0),
(115, 'Headache', '350.00', 0),
(116, 'Heartburn', '350.00', 0),
(117, 'shortness of breath', '0.00', 0),
(118, 'High blood Pressure', '0.00', 0),
(119, 'Weight Problems', '350.00', 0),
(120, 'Eye sight Problems', '0.00', 0),
(121, 'Vitamins Dispensary', '350.00', 0),
(122, 'Stomach ache', '350.00', 0),
(123, 'Headache', '350.00', 0),
(124, 'Heartburn', '350.00', 0),
(125, 'shortness of breath', '350.00', 0),
(126, 'High blood Pressure', '350.00', 0),
(127, 'Weight Problems', '350.00', 0),
(128, 'Eye sight Problems', '0.00', 0),
(129, 'Vitamins Dispensary', '0.00', 0),
(130, 'Stomach ache', '0.00', 0),
(131, 'Headache', '350.00', 0),
(132, 'Heartburn', '0.00', 0),
(133, 'shortness of breath', '0.00', 0),
(134, 'High blood Pressure', '0.00', 0),
(135, 'Weight Problems', '0.00', 0),
(136, 'Eye sight Problems', '350.00', 0),
(137, 'Vitamins Dispensary', '350.00', 0),
(138, 'Stomach ache', '0.00', 0),
(139, 'Headache', '350.00', 0),
(140, 'Heartburn', '0.00', 0),
(141, 'shortness of breath', '350.00', 0),
(142, 'High blood Pressure', '0.00', 0),
(143, 'Weight Problems', '0.00', 0),
(144, 'Eye sight Problems', '350.00', 0),
(145, 'Vitamins Dispensary', '350.00', 0),
(146, 'Stomach ache', '0.00', 0),
(147, 'Headache', '0.00', 0),
(148, 'Heartburn', '0.00', 0),
(149, 'shortness of breath', '350.00', 0),
(150, 'High blood Pressure', '0.00', 0),
(151, 'Weight Problems', '0.00', 0),
(152, 'Eye sight Problems', '0.00', 0),
(153, 'Vitamins Dispensary', '0.00', 0),
(154, 'Stomach ache', '0.00', 0),
(155, 'Headache', '350.00', 0),
(156, 'Heartburn', '350.00', 0),
(157, 'shortness of breath', '350.00', 0),
(158, 'High blood Pressure', '350.00', 0),
(159, 'Weight Problems', '350.00', 0),
(160, 'Eye sight Problems', '350.00', 0),
(161, 'Vitamins Dispensary', '350.00', 0),
(162, 'Stomach ache', '0.00', 0),
(163, 'Headache', '350.00', 0),
(164, 'Heartburn', '350.00', 0),
(165, 'shortness of breath', '0.00', 0),
(166, 'High blood Pressure', '350.00', 0),
(167, 'Weight Problems', '0.00', 0),
(168, 'Eye sight Problems', '0.00', 0),
(169, 'Vitamins Dispensary', '0.00', 0),
(170, 'Stomach ache', '350.00', 0),
(171, 'Headache', '0.00', 0),
(172, 'Heartburn', '0.00', 0),
(173, 'shortness of breath', '350.00', 0),
(174, 'High blood Pressure', '0.00', 0),
(175, 'Weight Problems', '0.00', 0),
(176, 'Eye sight Problems', '0.00', 0),
(177, 'Vitamins Dispensary', '350.00', 0),
(178, 'Stomach ache', '0.00', 0),
(179, 'Headache', '0.00', 0),
(180, 'Heartburn', '0.00', 0),
(181, 'shortness of breath', '350.00', 0),
(182, 'High blood Pressure', '0.00', 0),
(183, 'Weight Problems', '350.00', 0),
(184, 'Eye sight Problems', '350.00', 0),
(185, 'Vitamins Dispensary', '350.00', 0),
(186, 'Stomach ache', '0.00', 0),
(187, 'Headache', '350.00', 0),
(188, 'Heartburn', '0.00', 0),
(189, 'shortness of breath', '350.00', 0),
(190, 'High blood Pressure', '350.00', 0),
(191, 'Weight Problems', '350.00', 0),
(192, 'Eye sight Problems', '0.00', 0),
(193, 'Vitamins Dispensary', '0.00', 0),
(194, 'Stomach ache', '0.00', 0),
(195, 'Headache', '0.00', 0),
(196, 'Heartburn', '350.00', 0),
(197, 'shortness of breath', '350.00', 0),
(198, 'High blood Pressure', '0.00', 0),
(199, 'Weight Problems', '0.00', 0),
(200, 'Eye sight Problems', '350.00', 0),
(201, 'Vitamins Dispensary', '0.00', 0),
(202, 'Stomach ache', '350.00', 0),
(203, 'Headache', '0.00', 0),
(204, 'Heartburn', '350.00', 0),
(205, 'shortness of breath', '350.00', 0),
(206, 'High blood Pressure', '350.00', 0),
(207, 'Weight Problems', '350.00', 0),
(208, 'Eye sight Problems', '0.00', 0),
(209, 'Vitamins Dispensary', '350.00', 0),
(210, 'Stomach ache', '0.00', 0),
(211, 'Headache', '350.00', 0),
(212, 'Heartburn', '0.00', 0),
(213, 'shortness of breath', '0.00', 0),
(214, 'High blood Pressure', '0.00', 0),
(215, 'Weight Problems', '380.00', 0),
(216, 'Eye sight Problems', '380.00', 0),
(217, 'Vitamins Dispensary', '0.00', 0),
(218, 'Stomach ache', '380.00', 0),
(219, 'Headache', '380.00', 0),
(220, 'Heartburn', '380.00', 0),
(221, 'shortness of breath', '380.00', 0),
(222, 'High blood Pressure', '380.00', 0),
(223, 'Weight Problems', '0.00', 0),
(224, 'Eye sight Problems', '0.00', 0),
(225, 'Vitamins Dispensary', '380.00', 0),
(226, 'Stomach ache', '380.00', 0),
(227, 'Headache', '0.00', 0),
(228, 'Heartburn', '0.00', 0),
(229, 'shortness of breath', '0.00', 0),
(230, 'High blood Pressure', '380.00', 0),
(231, 'Weight Problems', '380.00', 0),
(232, 'Eye sight Problems', '0.00', 0),
(233, 'Vitamins Dispensary', '380.00', 0),
(234, 'Stomach ache', '0.00', 0),
(235, 'Headache', '380.00', 0),
(236, 'Heartburn', '0.00', 0),
(237, 'shortness of breath', '380.00', 0),
(238, 'High blood Pressure', '0.00', 0),
(239, 'Weight Problems', '0.00', 0),
(240, 'Eye sight Problems', '0.00', 0),
(241, 'Vitamins Dispensary', '380.00', 0),
(242, 'Stomach ache', '380.00', 0),
(243, 'Headache', '0.00', 0),
(244, 'Heartburn', '380.00', 0),
(245, 'shortness of breath', '380.00', 0),
(246, 'High blood Pressure', '0.00', 0),
(247, 'Weight Problems', '380.00', 0),
(248, 'Eye sight Problems', '380.00', 0),
(249, 'Vitamins Dispensary', '380.00', 0),
(250, 'Stomach ache', '0.00', 0),
(251, 'Headache', '380.00', 0),
(252, 'Heartburn', '0.00', 0),
(253, 'shortness of breath', '0.00', 0),
(254, 'High blood Pressure', '0.00', 0),
(255, 'Weight Problems', '0.00', 0),
(256, 'Eye sight Problems', '380.00', 0),
(257, 'Vitamins Dispensary', '380.00', 0),
(258, 'Stomach ache', '0.00', 0),
(259, 'Headache', '0.00', 0),
(260, 'Heartburn', '0.00', 0),
(261, 'shortness of breath', '0.00', 0),
(262, 'High blood Pressure', '0.00', 0),
(263, 'Weight Problems', '380.00', 0),
(264, 'Eye sight Problems', '0.00', 0),
(265, 'Vitamins Dispensary', '0.00', 0),
(266, 'Stomach ache', '0.00', 0),
(267, 'Headache', '380.00', 0),
(268, 'Heartburn', '380.00', 0),
(269, 'shortness of breath', '380.00', 0),
(270, 'High blood Pressure', '0.00', 0),
(271, 'Weight Problems', '380.00', 0),
(272, 'Eye sight Problems', '380.00', 0),
(273, 'Vitamins Dispensary', '0.00', 0),
(274, 'Stomach ache', '380.00', 0),
(275, 'Headache', '380.00', 0),
(276, 'Heartburn', '380.00', 0),
(277, 'shortness of breath', '0.00', 0),
(278, 'High blood Pressure', '0.00', 0),
(279, 'Weight Problems', '0.00', 0),
(280, 'Eye sight Problems', '0.00', 0),
(281, 'Vitamins Dispensary', '0.00', 0),
(282, 'Stomach ache', '380.00', 0),
(283, 'Headache', '0.00', 0),
(284, 'Heartburn', '380.00', 0),
(285, 'shortness of breath', '380.00', 0),
(286, 'High blood Pressure', '380.00', 0),
(287, 'Weight Problems', '380.00', 0),
(288, 'Eye sight Problems', '380.00', 0),
(289, 'Vitamins Dispensary', '380.00', 0),
(290, 'Stomach ache', '380.00', 0),
(291, 'Headache', '380.00', 0),
(292, 'Heartburn', '0.00', 0),
(293, 'shortness of breath', '380.00', 0),
(294, 'High blood Pressure', '0.00', 0),
(295, 'Weight Problems', '0.00', 0),
(296, 'Eye sight Problems', '380.00', 0),
(297, 'Vitamins Dispensary', '380.00', 0),
(298, 'Stomach ache', '380.00', 0),
(299, 'Headache', '0.00', 0),
(300, 'Heartburn', '0.00', 0),
(301, 'shortness of breath', '0.00', 0),
(302, 'High blood Pressure', '380.00', 0),
(303, 'Weight Problems', '380.00', 0),
(304, 'Eye sight Problems', '380.00', 0),
(305, 'Vitamins Dispensary', '0.00', 0),
(306, 'Stomach ache', '0.00', 0),
(307, 'Headache', '380.00', 0),
(308, 'Heartburn', '380.00', 0),
(309, 'shortness of breath', '380.00', 0),
(310, 'High blood Pressure', '380.00', 0),
(311, 'Weight Problems', '0.00', 0),
(312, 'Eye sight Problems', '380.00', 0),
(313, 'Vitamins Dispensary', '0.00', 0),
(314, 'Stomach ache', '380.00', 0),
(315, 'Headache', '380.00', 0),
(316, 'Heartburn', '0.00', 0),
(317, 'shortness of breath', '0.00', 0),
(318, 'High blood Pressure', '380.00', 0),
(319, 'Weight Problems', '0.00', 0),
(320, 'Eye sight Problems', '0.00', 0),
(321, 'Vitamins Dispensary', '380.00', 0),
(322, 'Stomach ache', '380.00', 0),
(323, 'Headache', '380.00', 0),
(324, 'Heartburn', '380.00', 0),
(325, 'shortness of breath', '0.00', 0),
(326, 'High blood Pressure', '380.00', 0),
(327, 'Weight Problems', '380.00', 0),
(328, 'Eye sight Problems', '0.00', 0),
(329, 'Vitamins Dispensary', '0.00', 0),
(330, 'Stomach ache', '0.00', 0),
(331, 'Headache', '0.00', 0),
(332, 'Heartburn', '380.00', 0),
(333, 'shortness of breath', '380.00', 0),
(334, 'High blood Pressure', '380.00', 0),
(335, 'Weight Problems', '380.00', 0),
(336, 'Eye sight Problems', '380.00', 0),
(337, 'Vitamins Dispensary', '0.00', 0),
(338, 'Stomach ache', '380.00', 0),
(339, 'Headache', '0.00', 0),
(340, 'Heartburn', '380.00', 0),
(341, 'shortness of breath', '380.00', 0),
(342, 'High blood Pressure', '0.00', 0),
(343, 'Weight Problems', '0.00', 0),
(344, 'Eye sight Problems', '380.00', 0),
(345, 'Vitamins Dispensary', '380.00', 0),
(346, 'Stomach ache', '380.00', 0),
(347, 'Headache', '0.00', 0),
(348, 'Heartburn', '380.00', 0),
(349, 'shortness of breath', '0.00', 0),
(350, 'High blood Pressure', '0.00', 0),
(351, 'Weight Problems', '0.00', 0),
(352, 'Eye sight Problems', '380.00', 0),
(353, 'Vitamins Dispensary', '0.00', 0),
(354, 'Stomach ache', '0.00', 0),
(355, 'Headache', '380.00', 0),
(356, 'Heartburn', '0.00', 0),
(357, 'shortness of breath', '0.00', 0),
(358, 'High blood Pressure', '0.00', 0),
(359, 'Weight Problems', '0.00', 0),
(360, 'Eye sight Problems', '0.00', 0),
(361, 'Vitamins Dispensary', '0.00', 0),
(362, 'Stomach ache', '380.00', 0),
(363, 'Headache', '380.00', 0),
(364, 'Heartburn', '0.00', 0),
(365, 'shortness of breath', '380.00', 0),
(366, 'High blood Pressure', '380.00', 0),
(367, 'Weight Problems', '0.00', 0),
(368, 'Eye sight Problems', '0.00', 0),
(369, 'Vitamins Dispensary', '0.00', 0),
(370, 'Stomach ache', '380.00', 0),
(371, 'Headache', '0.00', 0),
(372, 'Heartburn', '380.00', 0),
(373, 'shortness of breath', '0.00', 0),
(374, 'High blood Pressure', '0.00', 0),
(375, 'Weight Problems', '380.00', 0),
(376, 'Eye sight Problems', '0.00', 0),
(377, 'Vitamins Dispensary', '0.00', 0),
(378, 'Stomach ache', '0.00', 0),
(379, 'Headache', '0.00', 0),
(380, 'Heartburn', '380.00', 0),
(381, 'shortness of breath', '0.00', 0),
(382, 'High blood Pressure', '0.00', 0),
(383, 'Weight Problems', '380.00', 0),
(384, 'Eye sight Problems', '0.00', 0),
(385, 'Vitamins Dispensary', '380.00', 0),
(386, 'Stomach ache', '0.00', 0),
(387, 'Headache', '380.00', 0),
(388, 'Heartburn', '0.00', 0),
(389, 'shortness of breath', '0.00', 0),
(390, 'High blood Pressure', '0.00', 0),
(391, 'Weight Problems', '0.00', 0),
(392, 'Eye sight Problems', '380.00', 0),
(393, 'Vitamins Dispensary', '380.00', 0),
(394, 'Stomach ache', '0.00', 0),
(395, 'Headache', '0.00', 0),
(396, 'Heartburn', '380.00', 0),
(397, 'shortness of breath', '0.00', 0),
(398, 'High blood Pressure', '380.00', 0),
(399, 'Weight Problems', '0.00', 0),
(400, 'Eye sight Problems', '0.00', 0),
(401, 'Vitamins Dispensary', '380.00', 0),
(402, 'Stomach ache', '0.00', 0),
(403, 'Headache', '380.00', 0),
(404, 'Heartburn', '380.00', 0),
(405, 'shortness of breath', '380.00', 0),
(406, 'High blood Pressure', '380.00', 0),
(407, 'Weight Problems', '380.00', 0),
(408, 'Eye sight Problems', '380.00', 0),
(409, 'Vitamins Dispensary', '0.00', 0),
(410, 'Stomach ache', '0.00', 0),
(411, 'Headache', '0.00', 0),
(412, 'Heartburn', '0.00', 0),
(413, 'shortness of breath', '0.00', 0),
(414, 'High blood Pressure', '380.00', 0),
(415, 'Weight Problems', '380.00', 0),
(416, 'Eye sight Problems', '0.00', 0),
(417, 'Vitamins Dispensary', '0.00', 0),
(418, 'Stomach ache', '0.00', 0),
(419, 'Headache', '380.00', 0),
(420, 'Heartburn', '380.00', 0),
(421, 'shortness of breath', '380.00', 0),
(422, 'High blood Pressure', '0.00', 0),
(423, 'Weight Problems', '380.00', 0),
(424, 'Eye sight Problems', '0.00', 0),
(425, 'Vitamins Dispensary', '0.00', 0),
(426, 'Stomach ache', '380.00', 0),
(427, 'Headache', '380.00', 0),
(428, 'Heartburn', '0.00', 0),
(429, 'shortness of breath', '380.00', 0),
(430, 'High blood Pressure', '380.00', 0),
(431, 'Weight Problems', '380.00', 0),
(432, 'Eye sight Problems', '380.00', 0),
(433, 'Vitamins Dispensary', '380.00', 0),
(434, 'Stomach ache', '380.00', 0),
(435, 'Headache', '0.00', 0),
(436, 'Heartburn', '380.00', 0),
(437, 'shortness of breath', '0.00', 0),
(438, 'High blood Pressure', '0.00', 0),
(439, 'Weight Problems', '0.00', 0),
(440, 'Eye sight Problems', '0.00', 0),
(441, 'Vitamins Dispensary', '0.00', 0),
(442, 'Stomach ache', '0.00', 0),
(443, 'Headache', '380.00', 0),
(444, 'Heartburn', '380.00', 0),
(445, 'shortness of breath', '380.00', 0),
(446, 'High blood Pressure', '0.00', 0),
(447, 'Weight Problems', '380.00', 0),
(448, 'Eye sight Problems', '380.00', 0),
(449, 'Vitamins Dispensary', '380.00', 0),
(450, 'Stomach ache', '380.00', 0),
(451, 'Headache', '0.00', 0),
(452, 'Heartburn', '380.00', 0),
(453, 'shortness of breath', '380.00', 0),
(454, 'High blood Pressure', '380.00', 0),
(455, 'Weight Problems', '380.00', 0),
(456, 'Eye sight Problems', '380.00', 0),
(457, 'Vitamins Dispensary', '0.00', 0),
(458, 'Stomach ache', '0.00', 0),
(459, 'Headache', '0.00', 0),
(460, 'Heartburn', '0.00', 0),
(461, 'shortness of breath', '380.00', 0),
(462, 'High blood Pressure', '380.00', 0),
(463, 'Weight Problems', '380.00', 0),
(464, 'Eye sight Problems', '0.00', 0),
(465, 'Vitamins Dispensary', '0.00', 0),
(466, 'Stomach ache', '380.00', 0),
(467, 'Headache', '380.00', 0),
(468, 'Heartburn', '0.00', 0),
(469, 'shortness of breath', '380.00', 0),
(470, 'High blood Pressure', '0.00', 0),
(471, 'Weight Problems', '380.00', 0),
(472, 'Eye sight Problems', '380.00', 0),
(473, 'Vitamins Dispensary', '0.00', 0),
(474, 'Stomach ache', '380.00', 0),
(475, 'Headache', '380.00', 0),
(476, 'Heartburn', '380.00', 0),
(477, 'shortness of breath', '380.00', 0),
(478, 'High blood Pressure', '380.00', 0),
(479, 'Weight Problems', '0.00', 0),
(480, 'Eye sight Problems', '380.00', 0),
(481, 'Vitamins Dispensary', '0.00', 0),
(482, 'Stomach ache', '380.00', 0),
(483, 'Headache', '0.00', 0),
(484, 'Heartburn', '0.00', 0),
(485, 'shortness of breath', '380.00', 0),
(486, 'High blood Pressure', '0.00', 0),
(487, 'Weight Problems', '0.00', 0),
(488, 'Eye sight Problems', '0.00', 0),
(489, 'Vitamins Dispensary', '380.00', 0),
(490, 'Stomach ache', '380.00', 0),
(491, 'Headache', '0.00', 0),
(492, 'Heartburn', '380.00', 0),
(493, 'shortness of breath', '0.00', 0),
(494, 'High blood Pressure', '0.00', 0),
(495, 'Weight Problems', '380.00', 0),
(496, 'Eye sight Problems', '380.00', 0),
(497, 'Vitamins Dispensary', '380.00', 0),
(498, 'Stomach ache', '380.00', 0),
(499, 'Headache', '380.00', 0),
(500, 'Heartburn', '380.00', 0),
(501, 'shortness of breath', '380.00', 0),
(502, 'High blood Pressure', '0.00', 0),
(503, 'Weight Problems', '0.00', 0),
(504, 'Eye sight Problems', '0.00', 0),
(505, 'Vitamins Dispensary', '380.00', 0),
(506, 'Stomach ache', '0.00', 0),
(507, 'Headache', '0.00', 0),
(508, 'Heartburn', '380.00', 0),
(509, 'shortness of breath', '380.00', 0),
(510, 'High blood Pressure', '380.00', 0),
(511, 'Weight Problems', '0.00', 0),
(512, 'Eye sight Problems', '0.00', 0),
(513, 'Vitamins Dispensary', '380.00', 0),
(514, 'Stomach ache', '0.00', 0),
(515, 'Headache', '380.00', 0),
(516, 'Heartburn', '0.00', 0),
(517, 'shortness of breath', '380.00', 0),
(518, 'High blood Pressure', '0.00', 0),
(519, 'Weight Problems', '380.00', 0),
(520, 'Eye sight Problems', '0.00', 0),
(521, 'Vitamins Dispensary', '380.00', 0),
(522, 'Stomach ache', '380.00', 0),
(523, 'Headache', '380.00', 0),
(524, 'Heartburn', '380.00', 0),
(525, 'shortness of breath', '0.00', 0),
(526, 'High blood Pressure', '0.00', 0),
(527, 'Weight Problems', '380.00', 0),
(528, 'Eye sight Problems', '380.00', 0),
(529, 'Vitamins Dispensary', '380.00', 0),
(530, 'Stomach ache', '0.00', 0),
(531, 'Headache', '0.00', 0),
(532, 'Heartburn', '380.00', 0),
(533, 'shortness of breath', '0.00', 0),
(534, 'High blood Pressure', '0.00', 0),
(535, 'Weight Problems', '0.00', 0),
(536, 'Eye sight Problems', '0.00', 0),
(537, 'Vitamins Dispensary', '0.00', 0),
(538, 'Stomach ache', '0.00', 0),
(539, 'Headache', '0.00', 0),
(540, 'Heartburn', '0.00', 0),
(541, 'shortness of breath', '0.00', 0),
(542, 'High blood Pressure', '0.00', 0),
(543, 'Weight Problems', '380.00', 0),
(544, 'Eye sight Problems', '380.00', 0),
(545, 'Vitamins Dispensary', '0.00', 0),
(546, 'Stomach ache', '380.00', 0),
(547, 'Headache', '0.00', 0),
(548, 'Heartburn', '0.00', 0),
(549, 'shortness of breath', '0.00', 0),
(550, 'High blood Pressure', '380.00', 0),
(551, 'Weight Problems', '380.00', 0),
(552, 'Eye sight Problems', '0.00', 0),
(553, 'Vitamins Dispensary', '380.00', 0),
(554, 'Stomach ache', '0.00', 0),
(555, 'Headache', '380.00', 0),
(556, 'Heartburn', '380.00', 0),
(557, 'shortness of breath', '380.00', 0),
(558, 'High blood Pressure', '0.00', 0),
(559, 'Weight Problems', '380.00', 0),
(560, 'Eye sight Problems', '0.00', 0),
(561, 'Vitamins Dispensary', '380.00', 0),
(562, 'Stomach ache', '380.00', 0),
(563, 'Headache', '380.00', 0),
(564, 'Heartburn', '0.00', 0),
(565, 'shortness of breath', '0.00', 0),
(566, 'High blood Pressure', '380.00', 0),
(567, 'Weight Problems', '0.00', 0),
(568, 'Eye sight Problems', '380.00', 0),
(569, 'Vitamins Dispensary', '380.00', 0),
(570, 'Stomach ache', '0.00', 0),
(571, 'Headache', '0.00', 0),
(572, 'Heartburn', '380.00', 0),
(573, 'shortness of breath', '0.00', 0),
(574, 'High blood Pressure', '380.00', 0),
(575, 'Weight Problems', '0.00', 0),
(576, 'Eye sight Problems', '380.00', 0),
(577, 'Vitamins Dispensary', '380.00', 0),
(578, 'Stomach ache', '380.00', 0),
(579, 'Headache', '0.00', 0),
(580, 'Heartburn', '0.00', 0),
(581, 'shortness of breath', '380.00', 0),
(582, 'High blood Pressure', '380.00', 0),
(583, 'Weight Problems', '0.00', 0),
(584, 'Eye sight Problems', '0.00', 0),
(585, 'Vitamins Dispensary', '380.00', 0),
(586, 'Stomach ache', '0.00', 0),
(587, 'Headache', '380.00', 0),
(588, 'Heartburn', '380.00', 0),
(589, 'shortness of breath', '380.00', 0),
(590, 'High blood Pressure', '380.00', 0),
(591, 'Weight Problems', '380.00', 0),
(592, 'Eye sight Problems', '380.00', 0),
(593, 'Vitamins Dispensary', '380.00', 0),
(594, 'Stomach ache', '380.00', 0),
(595, 'Headache', '0.00', 0),
(596, 'Heartburn', '380.00', 0),
(597, 'shortness of breath', '0.00', 0),
(598, 'High blood Pressure', '380.00', 0),
(599, 'Weight Problems', '0.00', 0),
(600, 'Eye sight Problems', '380.00', 0),
(601, 'Vitamins Dispensary', '380.00', 0),
(602, 'Stomach ache', '380.00', 0),
(603, 'Headache', '0.00', 0),
(604, 'Heartburn', '0.00', 0),
(605, 'shortness of breath', '0.00', 0),
(606, 'High blood Pressure', '380.00', 0),
(607, 'Weight Problems', '380.00', 0),
(608, 'Eye sight Problems', '0.00', 0),
(609, 'Vitamins Dispensary', '0.00', 0),
(610, 'Stomach ache', '380.00', 0),
(611, 'Headache', '0.00', 0),
(612, 'Heartburn', '0.00', 0),
(613, 'shortness of breath', '0.00', 0),
(614, 'High blood Pressure', '380.00', 0),
(615, 'Weight Problems', '380.00', 0),
(616, 'Eye sight Problems', '380.00', 0),
(617, 'Vitamins Dispensary', '380.00', 0),
(618, 'Stomach ache', '380.00', 0),
(619, 'Headache', '0.00', 0),
(620, 'Heartburn', '410.00', 0),
(621, 'shortness of breath', '410.00', 0),
(622, 'High blood Pressure', '410.00', 0),
(623, 'Weight Problems', '0.00', 0),
(624, 'Eye sight Problems', '0.00', 0),
(625, 'Vitamins Dispensary', '410.00', 0),
(626, 'Stomach ache', '410.00', 0),
(627, 'Headache', '0.00', 0),
(628, 'Heartburn', '410.00', 0),
(629, 'shortness of breath', '0.00', 0),
(630, 'High blood Pressure', '0.00', 0),
(631, 'Weight Problems', '0.00', 0),
(632, 'Eye sight Problems', '0.00', 0),
(633, 'Vitamins Dispensary', '410.00', 0),
(634, 'Stomach ache', '410.00', 0),
(635, 'Headache', '0.00', 0),
(636, 'Heartburn', '0.00', 0),
(637, 'shortness of breath', '410.00', 0),
(638, 'High blood Pressure', '0.00', 0),
(639, 'Weight Problems', '410.00', 0),
(640, 'Eye sight Problems', '410.00', 0),
(641, 'Vitamins Dispensary', '0.00', 0),
(642, 'Stomach ache', '410.00', 0),
(643, 'Headache', '0.00', 0),
(644, 'Heartburn', '410.00', 0),
(645, 'shortness of breath', '410.00', 0),
(646, 'High blood Pressure', '0.00', 0),
(647, 'Weight Problems', '0.00', 0),
(648, 'Eye sight Problems', '410.00', 0),
(649, 'Vitamins Dispensary', '0.00', 0),
(650, 'Stomach ache', '410.00', 0),
(651, 'Headache', '0.00', 0),
(652, 'Heartburn', '0.00', 0),
(653, 'shortness of breath', '410.00', 0),
(654, 'High blood Pressure', '0.00', 0),
(655, 'Weight Problems', '410.00', 0),
(656, 'Eye sight Problems', '0.00', 0),
(657, 'Vitamins Dispensary', '410.00', 0),
(658, 'Stomach ache', '410.00', 0),
(659, 'Headache', '410.00', 0),
(660, 'Heartburn', '0.00', 0),
(661, 'shortness of breath', '410.00', 0),
(662, 'High blood Pressure', '0.00', 0),
(663, 'Weight Problems', '0.00', 0),
(664, 'Eye sight Problems', '0.00', 0),
(665, 'Vitamins Dispensary', '0.00', 0),
(666, 'Stomach ache', '0.00', 0),
(667, 'Headache', '410.00', 0),
(668, 'Heartburn', '0.00', 0),
(669, 'shortness of breath', '410.00', 0),
(670, 'High blood Pressure', '0.00', 0),
(671, 'Weight Problems', '410.00', 0),
(672, 'Eye sight Problems', '410.00', 0),
(673, 'Vitamins Dispensary', '410.00', 0),
(674, 'Stomach ache', '410.00', 0),
(675, 'Headache', '0.00', 0),
(676, 'Heartburn', '0.00', 0),
(677, 'shortness of breath', '410.00', 0),
(678, 'High blood Pressure', '0.00', 0),
(679, 'Weight Problems', '0.00', 0),
(680, 'Eye sight Problems', '410.00', 0),
(681, 'Vitamins Dispensary', '0.00', 0),
(682, 'Stomach ache', '410.00', 0),
(683, 'Headache', '0.00', 0),
(684, 'Heartburn', '410.00', 0),
(685, 'shortness of breath', '0.00', 0),
(686, 'High blood Pressure', '410.00', 0),
(687, 'Weight Problems', '410.00', 0),
(688, 'Eye sight Problems', '410.00', 0),
(689, 'Vitamins Dispensary', '0.00', 0),
(690, 'Stomach ache', '410.00', 0),
(691, 'Headache', '0.00', 0),
(692, 'Heartburn', '410.00', 0),
(693, 'shortness of breath', '0.00', 0),
(694, 'High blood Pressure', '410.00', 0),
(695, 'Weight Problems', '0.00', 0),
(696, 'Eye sight Problems', '410.00', 0),
(697, 'Vitamins Dispensary', '410.00', 0),
(698, 'Stomach ache', '410.00', 0),
(699, 'Headache', '0.00', 0),
(700, 'Heartburn', '0.00', 0),
(701, 'shortness of breath', '0.00', 0),
(702, 'High blood Pressure', '0.00', 0),
(703, 'Weight Problems', '410.00', 0),
(704, 'Eye sight Problems', '410.00', 0),
(705, 'Vitamins Dispensary', '0.00', 0),
(706, 'Stomach ache', '0.00', 0),
(707, 'Headache', '0.00', 0),
(708, 'Heartburn', '410.00', 0),
(709, 'shortness of breath', '0.00', 0),
(710, 'High blood Pressure', '410.00', 0),
(711, 'Weight Problems', '410.00', 0),
(712, 'Eye sight Problems', '410.00', 0),
(713, 'Vitamins Dispensary', '410.00', 0),
(714, 'Stomach ache', '0.00', 0),
(715, 'Headache', '410.00', 0),
(716, 'Heartburn', '410.00', 0),
(717, 'shortness of breath', '0.00', 0),
(718, 'High blood Pressure', '410.00', 0),
(719, 'Weight Problems', '0.00', 0),
(720, 'Eye sight Problems', '0.00', 0),
(721, 'Vitamins Dispensary', '410.00', 0),
(722, 'Stomach ache', '410.00', 0),
(723, 'Headache', '410.00', 0),
(724, 'Heartburn', '410.00', 0),
(725, 'shortness of breath', '410.00', 0),
(726, 'High blood Pressure', '410.00', 0),
(727, 'Weight Problems', '410.00', 0),
(728, 'Eye sight Problems', '0.00', 0),
(729, 'Vitamins Dispensary', '0.00', 0),
(730, 'Stomach ache', '0.00', 0),
(731, 'Headache', '0.00', 0),
(732, 'Heartburn', '0.00', 0),
(733, 'shortness of breath', '0.00', 0),
(734, 'High blood Pressure', '0.00', 0),
(735, 'Weight Problems', '0.00', 0),
(736, 'Eye sight Problems', '0.00', 0),
(737, 'Vitamins Dispensary', '0.00', 0),
(738, 'Stomach ache', '0.00', 0),
(739, 'Headache', '410.00', 0),
(740, 'Heartburn', '0.00', 0),
(741, 'shortness of breath', '410.00', 0),
(742, 'High blood Pressure', '410.00', 0),
(743, 'Weight Problems', '410.00', 0),
(744, 'Eye sight Problems', '0.00', 0),
(745, 'Vitamins Dispensary', '410.00', 0),
(746, 'Stomach ache', '410.00', 0),
(747, 'Headache', '410.00', 0),
(748, 'Heartburn', '0.00', 0),
(749, 'shortness of breath', '0.00', 0),
(750, 'High blood Pressure', '0.00', 0),
(751, 'Weight Problems', '0.00', 0),
(752, 'Eye sight Problems', '410.00', 0),
(753, 'Vitamins Dispensary', '0.00', 0),
(754, 'Stomach ache', '0.00', 0),
(755, 'Headache', '410.00', 0),
(756, 'Heartburn', '0.00', 0),
(757, 'shortness of breath', '410.00', 0),
(758, 'High blood Pressure', '410.00', 0),
(759, 'Weight Problems', '0.00', 0),
(760, 'Eye sight Problems', '410.00', 0),
(761, 'Vitamins Dispensary', '0.00', 0),
(762, 'Stomach ache', '0.00', 0),
(763, 'Headache', '0.00', 0),
(764, 'Heartburn', '410.00', 0),
(765, 'shortness of breath', '410.00', 0),
(766, 'High blood Pressure', '410.00', 0),
(767, 'Weight Problems', '0.00', 0),
(768, 'Eye sight Problems', '410.00', 0),
(769, 'Vitamins Dispensary', '410.00', 0),
(770, 'Stomach ache', '410.00', 0),
(771, 'Headache', '410.00', 0),
(772, 'Heartburn', '0.00', 0),
(773, 'shortness of breath', '410.00', 0),
(774, 'High blood Pressure', '0.00', 0),
(775, 'Weight Problems', '410.00', 0),
(776, 'Eye sight Problems', '410.00', 0),
(777, 'Vitamins Dispensary', '0.00', 0),
(778, 'Stomach ache', '410.00', 0),
(779, 'Headache', '410.00', 0),
(780, 'Heartburn', '410.00', 0),
(781, 'shortness of breath', '0.00', 0),
(782, 'High blood Pressure', '410.00', 0),
(783, 'Weight Problems', '410.00', 0),
(784, 'Eye sight Problems', '0.00', 0),
(785, 'Vitamins Dispensary', '0.00', 0),
(786, 'Stomach ache', '410.00', 0),
(787, 'Headache', '0.00', 0),
(788, 'Heartburn', '410.00', 0),
(789, 'shortness of breath', '410.00', 0),
(790, 'High blood Pressure', '0.00', 0),
(791, 'Weight Problems', '410.00', 0),
(792, 'Eye sight Problems', '410.00', 0),
(793, 'Vitamins Dispensary', '410.00', 0),
(794, 'Stomach ache', '410.00', 0),
(795, 'Headache', '0.00', 0),
(796, 'Heartburn', '0.00', 0),
(797, 'shortness of breath', '0.00', 0),
(798, 'High blood Pressure', '0.00', 0),
(799, 'Weight Problems', '0.00', 0),
(800, 'Eye sight Problems', '410.00', 0),
(801, 'Vitamins Dispensary', '410.00', 0),
(802, 'Stomach ache', '410.00', 0),
(803, 'Headache', '410.00', 0),
(804, 'Heartburn', '0.00', 0),
(805, 'shortness of breath', '410.00', 0),
(806, 'High blood Pressure', '0.00', 0),
(807, 'Weight Problems', '410.00', 0),
(808, 'Eye sight Problems', '410.00', 0),
(809, 'Vitamins Dispensary', '410.00', 0),
(810, 'Stomach ache', '0.00', 0),
(811, 'Headache', '410.00', 0),
(812, 'Heartburn', '0.00', 0),
(813, 'shortness of breath', '0.00', 0),
(814, 'High blood Pressure', '410.00', 0),
(815, 'Weight Problems', '410.00', 0),
(816, 'Eye sight Problems', '410.00', 0),
(817, 'Vitamins Dispensary', '0.00', 0),
(818, 'Stomach ache', '0.00', 0),
(819, 'Headache', '0.00', 0),
(820, 'Heartburn', '0.00', 0),
(821, 'shortness of breath', '410.00', 0),
(822, 'High blood Pressure', '0.00', 0),
(823, 'Weight Problems', '0.00', 0),
(824, 'Eye sight Problems', '0.00', 0),
(825, 'Vitamins Dispensary', '0.00', 0),
(826, 'Stomach ache', '410.00', 0),
(827, 'Headache', '410.00', 0),
(828, 'Heartburn', '0.00', 0),
(829, 'shortness of breath', '0.00', 0),
(830, 'High blood Pressure', '0.00', 0),
(831, 'Weight Problems', '410.00', 0),
(832, 'Eye sight Problems', '410.00', 0),
(833, 'Vitamins Dispensary', '410.00', 0),
(834, 'Stomach ache', '0.00', 0),
(835, 'Headache', '0.00', 0),
(836, 'Heartburn', '0.00', 0),
(837, 'shortness of breath', '0.00', 0),
(838, 'High blood Pressure', '410.00', 0),
(839, 'Weight Problems', '0.00', 0),
(840, 'Eye sight Problems', '410.00', 0),
(841, 'Vitamins Dispensary', '0.00', 0),
(842, 'Stomach ache', '0.00', 0),
(843, 'Headache', '0.00', 0),
(844, 'Heartburn', '0.00', 0),
(845, 'shortness of breath', '0.00', 0),
(846, 'High blood Pressure', '0.00', 0),
(847, 'Weight Problems', '410.00', 0),
(848, 'Eye sight Problems', '410.00', 0),
(849, 'Vitamins Dispensary', '0.00', 0),
(850, 'Stomach ache', '410.00', 0),
(851, 'Headache', '0.00', 0),
(852, 'Heartburn', '0.00', 0),
(853, 'shortness of breath', '410.00', 0),
(854, 'High blood Pressure', '0.00', 0),
(855, 'Weight Problems', '410.00', 0),
(856, 'Eye sight Problems', '450.00', 0),
(857, 'Vitamins Dispensary', '0.00', 0),
(858, 'Stomach ache', '0.00', 0),
(859, 'Headache', '0.00', 0),
(860, 'Heartburn', '0.00', 0),
(861, 'shortness of breath', '450.00', 0),
(862, 'High blood Pressure', '0.00', 0),
(863, 'Weight Problems', '0.00', 0),
(864, 'Eye sight Problems', '0.00', 0),
(865, 'Vitamins Dispensary', '450.00', 0),
(866, 'Stomach ache', '450.00', 0),
(867, 'Headache', '0.00', 0),
(868, 'Heartburn', '450.00', 0),
(869, 'shortness of breath', '0.00', 0),
(870, 'High blood Pressure', '450.00', 0),
(871, 'Weight Problems', '0.00', 0),
(872, 'Eye sight Problems', '450.00', 0),
(873, 'Vitamins Dispensary', '0.00', 0),
(874, 'Stomach ache', '0.00', 0),
(875, 'Headache', '0.00', 0),
(876, 'Heartburn', '450.00', 0),
(877, 'shortness of breath', '450.00', 0),
(878, 'High blood Pressure', '450.00', 0),
(879, 'Weight Problems', '450.00', 0),
(880, 'Eye sight Problems', '450.00', 0),
(881, 'Vitamins Dispensary', '450.00', 0),
(882, 'Stomach ache', '450.00', 0),
(883, 'Headache', '0.00', 0),
(884, 'Heartburn', '450.00', 0),
(885, 'shortness of breath', '450.00', 0),
(886, 'High blood Pressure', '0.00', 0),
(887, 'Weight Problems', '450.00', 0),
(888, 'Eye sight Problems', '0.00', 0),
(889, 'Vitamins Dispensary', '450.00', 0),
(890, 'Stomach ache', '0.00', 0),
(891, 'Headache', '0.00', 0),
(892, 'Heartburn', '0.00', 0),
(893, 'shortness of breath', '450.00', 0),
(894, 'High blood Pressure', '0.00', 0),
(895, 'Weight Problems', '450.00', 0),
(896, 'Eye sight Problems', '450.00', 0),
(897, 'Vitamins Dispensary', '0.00', 0),
(898, 'Stomach ache', '450.00', 0),
(899, 'Headache', '450.00', 0),
(900, 'Heartburn', '0.00', 0),
(901, 'shortness of breath', '0.00', 0),
(902, 'High blood Pressure', '450.00', 0),
(903, 'Weight Problems', '450.00', 0),
(904, 'Eye sight Problems', '450.00', 0),
(905, 'Vitamins Dispensary', '450.00', 0),
(906, 'Stomach ache', '0.00', 0),
(907, 'Headache', '0.00', 0),
(908, 'Heartburn', '450.00', 0),
(909, 'shortness of breath', '0.00', 0),
(910, 'High blood Pressure', '450.00', 0),
(911, 'Weight Problems', '0.00', 0),
(912, 'Eye sight Problems', '450.00', 0),
(913, 'Vitamins Dispensary', '450.00', 0),
(914, 'Stomach ache', '0.00', 0),
(915, 'Headache', '450.00', 0),
(916, 'Heartburn', '0.00', 0),
(917, 'shortness of breath', '0.00', 0),
(918, 'High blood Pressure', '450.00', 0),
(919, 'Weight Problems', '450.00', 0),
(920, 'Eye sight Problems', '450.00', 0),
(921, 'Vitamins Dispensary', '0.00', 0),
(922, 'Stomach ache', '0.00', 0),
(923, 'Headache', '0.00', 0),
(924, 'Heartburn', '0.00', 0),
(925, 'shortness of breath', '0.00', 0),
(926, 'High blood Pressure', '0.00', 0),
(927, 'Weight Problems', '0.00', 0),
(928, 'Eye sight Problems', '0.00', 0),
(929, 'Vitamins Dispensary', '450.00', 0),
(930, 'Stomach ache', '450.00', 0),
(931, 'Headache', '0.00', 0),
(932, 'Heartburn', '450.00', 0),
(933, 'shortness of breath', '450.00', 0),
(934, 'High blood Pressure', '450.00', 0),
(935, 'Weight Problems', '0.00', 0),
(936, 'Eye sight Problems', '450.00', 0),
(937, 'Vitamins Dispensary', '0.00', 0),
(938, 'Stomach ache', '450.00', 0),
(939, 'Headache', '450.00', 0),
(940, 'Heartburn', '0.00', 0),
(941, 'shortness of breath', '0.00', 0),
(942, 'High blood Pressure', '450.00', 0),
(943, 'Weight Problems', '450.00', 0),
(944, 'Eye sight Problems', '450.00', 0),
(945, 'Vitamins Dispensary', '450.00', 0),
(946, 'Stomach ache', '0.00', 0),
(947, 'Headache', '0.00', 0),
(948, 'Heartburn', '0.00', 0),
(949, 'shortness of breath', '450.00', 0),
(950, 'High blood Pressure', '0.00', 0),
(951, 'Weight Problems', '0.00', 0),
(952, 'Eye sight Problems', '0.00', 0),
(953, 'Vitamins Dispensary', '450.00', 0),
(954, 'Stomach ache', '450.00', 0),
(955, 'Headache', '0.00', 0),
(956, 'Heartburn', '0.00', 0),
(957, 'shortness of breath', '450.00', 0),
(958, 'High blood Pressure', '450.00', 0),
(959, 'Weight Problems', '450.00', 0),
(960, 'Eye sight Problems', '0.00', 0),
(961, 'Vitamins Dispensary', '0.00', 0),
(962, 'Stomach ache', '450.00', 0),
(963, 'Headache', '0.00', 0),
(964, 'Heartburn', '450.00', 0),
(965, 'shortness of breath', '450.00', 0),
(966, 'High blood Pressure', '0.00', 0),
(967, 'Weight Problems', '450.00', 0),
(968, 'Eye sight Problems', '0.00', 0),
(969, 'Vitamins Dispensary', '450.00', 0),
(970, 'Stomach ache', '450.00', 0),
(971, 'Headache', '450.00', 0),
(972, 'Heartburn', '0.00', 0),
(973, 'shortness of breath', '450.00', 0),
(974, 'High blood Pressure', '450.00', 0),
(975, 'Weight Problems', '450.00', 0),
(976, 'Eye sight Problems', '450.00', 0),
(977, 'Vitamins Dispensary', '0.00', 0),
(978, 'Stomach ache', '0.00', 0),
(979, 'Headache', '0.00', 0),
(980, 'Heartburn', '0.00', 0),
(981, 'shortness of breath', '450.00', 0),
(982, 'High blood Pressure', '450.00', 0),
(983, 'Weight Problems', '450.00', 0),
(984, 'Eye sight Problems', '0.00', 0),
(985, 'Vitamins Dispensary', '0.00', 0),
(986, 'Stomach ache', '0.00', 0),
(987, 'Headache', '0.00', 0),
(988, 'Heartburn', '0.00', 0),
(989, 'shortness of breath', '0.00', 0),
(990, 'High blood Pressure', '0.00', 0),
(991, 'Weight Problems', '0.00', 0),
(992, 'Eye sight Problems', '450.00', 0),
(993, 'Vitamins Dispensary', '450.00', 0),
(994, 'Stomach ache', '450.00', 0),
(995, 'Headache', '450.00', 0),
(996, 'Heartburn', '450.00', 0),
(997, 'shortness of breath', '450.00', 0),
(998, 'High blood Pressure', '450.00', 0),
(999, 'Weight Problems', '0.00', 0),
(1000, 'Eye sight Problems', '450.00', 0),
(1001, 'Vitamins Dispensary', '0.00', 0),
(1002, 'Stomach ache', '0.00', 0),
(1003, 'Headache', '450.00', 0),
(1004, 'Heartburn', '450.00', 0),
(1005, 'shortness of breath', '450.00', 0),
(1006, 'High blood Pressure', '450.00', 0),
(1007, 'Weight Problems', '450.00', 0),
(1008, 'Eye sight Problems', '0.00', 0),
(1009, 'Vitamins Dispensary', '450.00', 0),
(1010, 'Stomach ache', '450.00', 0),
(1011, 'Headache', '0.00', 0),
(1012, 'Heartburn', '450.00', 0),
(1013, 'shortness of breath', '450.00', 0),
(1014, 'High blood Pressure', '450.00', 0),
(1015, 'Weight Problems', '450.00', 0),
(1016, 'Eye sight Problems', '0.00', 0),
(1017, 'Vitamins Dispensary', '450.00', 0),
(1018, 'Stomach ache', '0.00', 0),
(1019, 'Headache', '450.00', 0),
(1020, 'Heartburn', '450.00', 0),
(1021, 'shortness of breath', '450.00', 0),
(1022, 'High blood Pressure', '0.00', 0),
(1023, 'Weight Problems', '0.00', 0),
(1024, 'Eye sight Problems', '0.00', 0),
(1025, 'Vitamins Dispensary', '0.00', 0),
(1026, 'Stomach ache', '0.00', 0),
(1027, 'Headache', '0.00', 0),
(1028, 'Heartburn', '450.00', 0),
(1029, 'shortness of breath', '0.00', 0),
(1030, 'High blood Pressure', '0.00', 0),
(1031, 'Weight Problems', '0.00', 0),
(1032, 'Eye sight Problems', '450.00', 0),
(1033, 'Vitamins Dispensary', '450.00', 0),
(1034, 'Stomach ache', '450.00', 0),
(1035, 'Headache', '450.00', 0),
(1036, 'Heartburn', '450.00', 0),
(1037, 'shortness of breath', '0.00', 0),
(1038, 'High blood Pressure', '0.00', 0),
(1039, 'Weight Problems', '0.00', 0),
(1040, 'Eye sight Problems', '450.00', 0),
(1041, 'Vitamins Dispensary', '450.00', 0),
(1042, 'Stomach ache', '0.00', 0),
(1043, 'Headache', '450.00', 0),
(1044, 'Heartburn', '450.00', 0),
(1045, 'shortness of breath', '0.00', 0),
(1046, 'High blood Pressure', '450.00', 0),
(1047, 'Weight Problems', '450.00', 0),
(1048, 'Eye sight Problems', '0.00', 0),
(1049, 'Vitamins Dispensary', '450.00', 0),
(1050, 'Stomach ache', '0.00', 0),
(1051, 'Headache', '0.00', 0),
(1052, 'Heartburn', '0.00', 0),
(1053, 'shortness of breath', '450.00', 0),
(1054, 'High blood Pressure', '450.00', 0),
(1055, 'Weight Problems', '0.00', 0),
(1056, 'Eye sight Problems', '450.00', 0),
(1057, 'Vitamins Dispensary', '450.00', 0),
(1058, 'Stomach ache', '450.00', 0),
(1059, 'Headache', '450.00', 0),
(1060, 'Heartburn', '0.00', 0),
(1061, 'shortness of breath', '450.00', 0),
(1062, 'High blood Pressure', '0.00', 0),
(1063, 'Weight Problems', '450.00', 0),
(1064, 'Eye sight Problems', '450.00', 0),
(1065, 'Vitamins Dispensary', '0.00', 0),
(1066, 'Stomach ache', '460.00', 0),
(1067, 'Headache', '0.00', 0),
(1068, 'Heartburn', '460.00', 0),
(1069, 'shortness of breath', '0.00', 0),
(1070, 'High blood Pressure', '460.00', 0),
(1071, 'Weight Problems', '0.00', 0),
(1072, 'Eye sight Problems', '0.00', 0),
(1073, 'Vitamins Dispensary', '460.00', 0),
(1074, 'Stomach ache', '0.00', 0),
(1075, 'Headache', '0.00', 0),
(1076, 'Heartburn', '0.00', 0),
(1077, 'shortness of breath', '460.00', 0),
(1078, 'High blood Pressure', '0.00', 0),
(1079, 'Weight Problems', '0.00', 0),
(1080, 'Eye sight Problems', '0.00', 0),
(1081, 'Vitamins Dispensary', '0.00', 0),
(1082, 'Stomach ache', '460.00', 0),
(1083, 'Headache', '0.00', 0),
(1084, 'Heartburn', '460.00', 0),
(1085, 'shortness of breath', '0.00', 0),
(1086, 'High blood Pressure', '460.00', 0),
(1087, 'Weight Problems', '460.00', 0),
(1088, 'Eye sight Problems', '0.00', 0),
(1089, 'Vitamins Dispensary', '460.00', 0),
(1090, 'Stomach ache', '460.00', 0),
(1091, 'Headache', '0.00', 0),
(1092, 'Heartburn', '460.00', 0),
(1093, 'shortness of breath', '460.00', 0),
(1094, 'High blood Pressure', '460.00', 0),
(1095, 'Weight Problems', '460.00', 0),
(1096, 'Eye sight Problems', '460.00', 0),
(1097, 'Vitamins Dispensary', '0.00', 0),
(1098, 'Stomach ache', '460.00', 0),
(1099, 'Headache', '460.00', 0),
(1100, 'Heartburn', '460.00', 0),
(1101, 'shortness of breath', '460.00', 0),
(1102, 'High blood Pressure', '460.00', 0),
(1103, 'Weight Problems', '0.00', 0),
(1104, 'Eye sight Problems', '0.00', 0),
(1105, 'Vitamins Dispensary', '0.00', 0),
(1106, 'Stomach ache', '460.00', 0),
(1107, 'Headache', '0.00', 0),
(1108, 'Heartburn', '460.00', 0),
(1109, 'shortness of breath', '460.00', 0),
(1110, 'High blood Pressure', '460.00', 0),
(1111, 'Weight Problems', '0.00', 0),
(1112, 'Eye sight Problems', '460.00', 0),
(1113, 'Vitamins Dispensary', '460.00', 0),
(1114, 'Stomach ache', '460.00', 0),
(1115, 'Headache', '0.00', 0),
(1116, 'Heartburn', '460.00', 0),
(1117, 'shortness of breath', '460.00', 0),
(1118, 'High blood Pressure', '0.00', 0),
(1119, 'Weight Problems', '460.00', 0),
(1120, 'Eye sight Problems', '460.00', 0),
(1121, 'Vitamins Dispensary', '460.00', 0),
(1122, 'Stomach ache', '460.00', 0),
(1123, 'Headache', '0.00', 0),
(1124, 'Heartburn', '0.00', 0),
(1125, 'shortness of breath', '460.00', 0),
(1126, 'High blood Pressure', '460.00', 0),
(1127, 'Weight Problems', '460.00', 0),
(1128, 'Eye sight Problems', '460.00', 0),
(1129, 'Vitamins Dispensary', '0.00', 0),
(1130, 'Stomach ache', '0.00', 0),
(1131, 'Headache', '460.00', 0),
(1132, 'Heartburn', '460.00', 0),
(1133, 'shortness of breath', '0.00', 0),
(1134, 'High blood Pressure', '0.00', 0),
(1135, 'Weight Problems', '0.00', 0),
(1136, 'Eye sight Problems', '460.00', 0),
(1137, 'Vitamins Dispensary', '460.00', 0),
(1138, 'Stomach ache', '460.00', 0),
(1139, 'Headache', '0.00', 0),
(1140, 'Heartburn', '0.00', 0),
(1141, 'shortness of breath', '460.00', 0),
(1142, 'High blood Pressure', '0.00', 0),
(1143, 'Weight Problems', '0.00', 0),
(1144, 'Eye sight Problems', '0.00', 0),
(1145, 'Vitamins Dispensary', '460.00', 0),
(1146, 'Stomach ache', '0.00', 0),
(1147, 'Headache', '460.00', 0),
(1148, 'Heartburn', '0.00', 0),
(1149, 'shortness of breath', '460.00', 0),
(1150, 'High blood Pressure', '460.00', 0),
(1151, 'Weight Problems', '460.00', 0),
(1152, 'Eye sight Problems', '0.00', 0),
(1153, 'Vitamins Dispensary', '460.00', 0),
(1154, 'Stomach ache', '460.00', 0),
(1155, 'Headache', '0.00', 0),
(1156, 'Heartburn', '0.00', 0),
(1157, 'shortness of breath', '0.00', 0),
(1158, 'High blood Pressure', '460.00', 0),
(1159, 'Weight Problems', '0.00', 0),
(1160, 'Eye sight Problems', '0.00', 0),
(1161, 'Vitamins Dispensary', '460.00', 0),
(1162, 'Stomach ache', '0.00', 0),
(1163, 'Headache', '460.00', 0),
(1164, 'Heartburn', '460.00', 0),
(1165, 'shortness of breath', '0.00', 0),
(1166, 'High blood Pressure', '460.00', 0),
(1167, 'Weight Problems', '0.00', 0),
(1168, 'Eye sight Problems', '460.00', 0),
(1169, 'Vitamins Dispensary', '460.00', 0),
(1170, 'Stomach ache', '460.00', 0),
(1171, 'Headache', '460.00', 0),
(1172, 'Heartburn', '460.00', 0),
(1173, 'shortness of breath', '0.00', 0),
(1174, 'High blood Pressure', '0.00', 0),
(1175, 'Weight Problems', '0.00', 0),
(1176, 'Eye sight Problems', '0.00', 0),
(1177, 'Vitamins Dispensary', '460.00', 0),
(1178, 'Stomach ache', '0.00', 0),
(1179, 'Headache', '460.00', 0),
(1180, 'Heartburn', '460.00', 0),
(1181, 'shortness of breath', '460.00', 0),
(1182, 'High blood Pressure', '460.00', 0),
(1183, 'Weight Problems', '460.00', 0),
(1184, 'Eye sight Problems', '0.00', 0),
(1185, 'Vitamins Dispensary', '0.00', 0),
(1186, 'Stomach ache', '460.00', 0),
(1187, 'Headache', '460.00', 0),
(1188, 'Heartburn', '0.00', 0),
(1189, 'shortness of breath', '460.00', 0),
(1190, 'High blood Pressure', '460.00', 0),
(1191, 'Weight Problems', '0.00', 0),
(1192, 'Eye sight Problems', '460.00', 0),
(1193, 'Vitamins Dispensary', '0.00', 0),
(1194, 'Stomach ache', '0.00', 0),
(1195, 'Headache', '460.00', 0),
(1196, 'Heartburn', '0.00', 0),
(1197, 'shortness of breath', '0.00', 0),
(1198, 'High blood Pressure', '0.00', 0),
(1199, 'Weight Problems', '460.00', 0),
(1200, 'Eye sight Problems', '0.00', 0),
(1201, 'Vitamins Dispensary', '460.00', 0),
(1202, 'Stomach ache', '460.00', 0),
(1203, 'Headache', '460.00', 0),
(1204, 'Heartburn', '460.00', 0),
(1205, 'shortness of breath', '460.00', 0),
(1206, 'High blood Pressure', '0.00', 0),
(1207, 'Weight Problems', '0.00', 0),
(1208, 'Eye sight Problems', '0.00', 0),
(1209, 'Vitamins Dispensary', '460.00', 0),
(1210, 'Stomach ache', '0.00', 0),
(1211, 'Headache', '460.00', 0),
(1212, 'Heartburn', '0.00', 0),
(1213, 'shortness of breath', '0.00', 0),
(1214, 'High blood Pressure', '0.00', 0),
(1215, 'Weight Problems', '0.00', 0),
(1216, 'Eye sight Problems', '0.00', 0),
(1217, 'Vitamins Dispensary', '460.00', 0),
(1218, 'Stomach ache', '460.00', 0),
(1219, 'Headache', '0.00', 0),
(1220, 'Heartburn', '460.00', 0),
(1221, 'shortness of breath', '460.00', 0),
(1222, 'High blood Pressure', '0.00', 0),
(1223, 'Weight Problems', '460.00', 0),
(1224, 'Eye sight Problems', '460.00', 0),
(1225, 'Vitamins Dispensary', '0.00', 0),
(1226, 'Stomach ache', '0.00', 0),
(1227, 'Headache', '460.00', 0),
(1228, 'Heartburn', '460.00', 0),
(1229, 'shortness of breath', '0.00', 0),
(1230, 'High blood Pressure', '0.00', 0),
(1231, 'Weight Problems', '0.00', 0),
(1232, 'Eye sight Problems', '0.00', 0),
(1233, 'Vitamins Dispensary', '460.00', 0),
(1234, 'Stomach ache', '460.00', 0),
(1235, 'Headache', '0.00', 0),
(1236, 'Heartburn', '0.00', 0),
(1237, 'shortness of breath', '0.00', 0),
(1238, 'High blood Pressure', '0.00', 0),
(1239, 'Weight Problems', '460.00', 0),
(1240, 'Eye sight Problems', '460.00', 0),
(1241, 'Vitamins Dispensary', '460.00', 0),
(1242, 'Stomach ache', '0.00', 0),
(1243, 'Headache', '460.00', 0),
(1244, 'Heartburn', '460.00', 0),
(1245, 'shortness of breath', '460.00', 0),
(1246, 'High blood Pressure', '0.00', 0),
(1247, 'Weight Problems', '0.00', 0),
(1248, 'Eye sight Problems', '0.00', 0),
(1249, 'Vitamins Dispensary', '0.00', 0),
(1250, 'Stomach ache', '460.00', 0),
(1251, 'Headache', '460.00', 0),
(1252, 'Heartburn', '0.00', 0),
(1253, 'shortness of breath', '0.00', 0),
(1254, 'High blood Pressure', '0.00', 0),
(1255, 'Weight Problems', '0.00', 0),
(1256, 'Eye sight Problems', '460.00', 0),
(1257, 'Vitamins Dispensary', '460.00', 0),
(1258, 'Stomach ache', '0.00', 0),
(1259, 'Headache', '0.00', 0),
(1260, 'Heartburn', '0.00', 0),
(1261, 'shortness of breath', '460.00', 0),
(1262, 'High blood Pressure', '0.00', 0),
(1263, 'Weight Problems', '460.00', 0),
(1264, 'Eye sight Problems', '0.00', 0),
(1265, 'Vitamins Dispensary', '460.00', 0),
(1266, 'Stomach ache', '460.00', 0),
(1267, 'Headache', '0.00', 0),
(1268, 'Heartburn', '0.00', 0),
(1269, 'shortness of breath', '0.00', 0),
(1270, 'High blood Pressure', '460.00', 0),
(1271, 'Weight Problems', '0.00', 0),
(1272, 'Eye sight Problems', '460.00', 0),
(1273, 'Vitamins Dispensary', '460.00', 0),
(1274, 'Stomach ache', '460.00', 0),
(1275, 'Headache', '0.00', 0),
(1276, 'Heartburn', '0.00', 0),
(1277, 'shortness of breath', '460.00', 0),
(1278, 'High blood Pressure', '0.00', 0),
(1279, 'Weight Problems', '0.00', 0),
(1280, 'Eye sight Problems', '460.00', 0),
(1281, 'Vitamins Dispensary', '460.00', 0),
(1282, 'Stomach ache', '0.00', 0),
(1283, 'Headache', '460.00', 0),
(1284, 'Heartburn', '460.00', 0),
(1285, 'shortness of breath', '460.00', 0),
(1286, 'High blood Pressure', '0.00', 0),
(1287, 'Weight Problems', '460.00', 0),
(1288, 'Eye sight Problems', '0.00', 0),
(1289, 'Vitamins Dispensary', '460.00', 0),
(1290, 'Stomach ache', '0.00', 0),
(1291, 'Headache', '0.00', 0),
(1292, 'Heartburn', '460.00', 0),
(1293, 'shortness of breath', '460.00', 0),
(1294, 'High blood Pressure', '460.00', 0),
(1295, 'Weight Problems', '0.00', 0),
(1296, 'Eye sight Problems', '460.00', 0),
(1297, 'Vitamins Dispensary', '460.00', 0),
(1298, 'Stomach ache', '460.00', 0),
(1299, 'Headache', '460.00', 0),
(1300, 'Heartburn', '0.00', 0),
(1301, 'shortness of breath', '460.00', 0),
(1302, 'High blood Pressure', '460.00', 0),
(1303, 'Weight Problems', '460.00', 0),
(1304, 'Eye sight Problems', '460.00', 0),
(1305, 'Vitamins Dispensary', '0.00', 0),
(1306, 'Stomach ache', '460.00', 0),
(1307, 'Headache', '0.00', 0),
(1308, 'Heartburn', '0.00', 0),
(1309, 'shortness of breath', '0.00', 0),
(1310, 'High blood Pressure', '460.00', 0),
(1311, 'Weight Problems', '460.00', 0),
(1312, 'Eye sight Problems', '0.00', 0),
(1313, 'Vitamins Dispensary', '0.00', 0),
(1314, 'Stomach ache', '460.00', 0),
(1315, 'Headache', '460.00', 0),
(1316, 'Heartburn', '460.00', 0),
(1317, 'shortness of breath', '460.00', 0),
(1318, 'High blood Pressure', '0.00', 0),
(1319, 'Weight Problems', '460.00', 0),
(1320, 'Eye sight Problems', '0.00', 0),
(1321, 'Vitamins Dispensary', '460.00', 0),
(1322, 'Stomach ache', '0.00', 0),
(1323, 'Headache', '0.00', 0),
(1324, 'Heartburn', '460.00', 0),
(1325, 'shortness of breath', '0.00', 0),
(1326, 'High blood Pressure', '460.00', 0),
(1327, 'Weight Problems', '460.00', 0),
(1328, 'Eye sight Problems', '460.00', 0),
(1329, 'Vitamins Dispensary', '460.00', 0),
(1330, 'Stomach ache', '0.00', 0),
(1331, 'Headache', '460.00', 0),
(1332, 'Heartburn', '460.00', 0),
(1333, 'shortness of breath', '460.00', 0),
(1334, 'High blood Pressure', '460.00', 0),
(1335, 'Weight Problems', '0.00', 0),
(1336, 'Eye sight Problems', '460.00', 0),
(1337, 'Vitamins Dispensary', '0.00', 0),
(1338, 'Stomach ache', '460.00', 0),
(1339, 'Headache', '0.00', 0),
(1340, 'Heartburn', '0.00', 0),
(1341, 'shortness of breath', '460.00', 0),
(1342, 'High blood Pressure', '0.00', 0),
(1343, 'Weight Problems', '460.00', 0),
(1344, 'Eye sight Problems', '460.00', 0),
(1345, 'Vitamins Dispensary', '0.00', 0),
(1346, 'Stomach ache', '0.00', 0),
(1347, 'Headache', '460.00', 0),
(1348, 'Heartburn', '0.00', 0),
(1349, 'shortness of breath', '460.00', 0),
(1350, 'High blood Pressure', '0.00', 0),
(1351, 'Weight Problems', '0.00', 0),
(1352, 'Eye sight Problems', '460.00', 0),
(1353, 'Vitamins Dispensary', '0.00', 0),
(1354, 'Stomach ache', '460.00', 0),
(1355, 'Headache', '460.00', 0),
(1356, 'Heartburn', '460.00', 0),
(1357, 'shortness of breath', '0.00', 0),
(1358, 'High blood Pressure', '0.00', 0),
(1359, 'Weight Problems', '460.00', 0),
(1360, 'Eye sight Problems', '0.00', 0),
(1361, 'Vitamins Dispensary', '460.00', 0),
(1362, 'Stomach ache', '460.00', 0),
(1363, 'Headache', '0.00', 0),
(1364, 'Heartburn', '0.00', 0),
(1365, 'shortness of breath', '460.00', 0),
(1366, 'High blood Pressure', '460.00', 0),
(1367, 'Weight Problems', '0.00', 0),
(1368, 'Eye sight Problems', '0.00', 0),
(1369, 'Vitamins Dispensary', '0.00', 0),
(1370, 'Stomach ache', '460.00', 0),
(1371, 'Headache', '460.00', 0),
(1372, 'Heartburn', '460.00', 0),
(1373, 'shortness of breath', '0.00', 0),
(1374, 'High blood Pressure', '0.00', 0),
(1375, 'Weight Problems', '460.00', 0),
(1376, 'Eye sight Problems', '460.00', 0),
(1377, 'Vitamins Dispensary', '0.00', 0),
(1378, 'Stomach ache', '0.00', 0),
(1379, 'Headache', '0.00', 0),
(1380, 'Heartburn', '460.00', 0),
(1381, 'shortness of breath', '460.00', 0);
INSERT INTO `consultation` (`Consult_id`, `Consult_description`, `Consult_price`, `Client_age`) VALUES
(1382, 'High blood Pressure', '0.00', 0),
(1383, 'Weight Problems', '0.00', 0),
(1384, 'Eye sight Problems', '0.00', 0),
(1385, 'Vitamins Dispensary', '460.00', 0),
(1386, 'Stomach ache', '0.00', 0),
(1387, 'Headache', '0.00', 0),
(1388, 'Heartburn', '0.00', 0),
(1389, 'shortness of breath', '0.00', 0),
(1390, 'High blood Pressure', '0.00', 0),
(1391, 'Weight Problems', '460.00', 0),
(1392, 'Eye sight Problems', '0.00', 0),
(1393, 'Vitamins Dispensary', '0.00', 0),
(1394, 'Stomach ache', '460.00', 0),
(1395, 'Headache', '0.00', 0),
(1396, 'Heartburn', '460.00', 0),
(1397, 'shortness of breath', '460.00', 0),
(1398, 'High blood Pressure', '0.00', 0),
(1399, 'Weight Problems', '0.00', 0),
(1400, 'Eye sight Problems', '460.00', 0),
(1401, 'Vitamins Dispensary', '0.00', 0),
(1402, 'Stomach ache', '460.00', 0),
(1403, 'Headache', '0.00', 0),
(1404, 'Heartburn', '0.00', 0),
(1405, 'shortness of breath', '460.00', 0),
(1406, 'High blood Pressure', '0.00', 0),
(1407, 'Weight Problems', '0.00', 0),
(1408, 'Eye sight Problems', '0.00', 0),
(1409, 'Vitamins Dispensary', '0.00', 0),
(1410, 'Stomach ache', '0.00', 0),
(1411, 'Headache', '460.00', 0),
(1412, 'Heartburn', '0.00', 0),
(1413, 'shortness of breath', '460.00', 0),
(1414, 'High blood Pressure', '460.00', 0),
(1415, 'Weight Problems', '0.00', 0),
(1416, 'Eye sight Problems', '460.00', 0),
(1417, 'Vitamins Dispensary', '0.00', 0),
(1418, 'Stomach ache', '460.00', 0),
(1419, 'Headache', '0.00', 0),
(1420, 'Heartburn', '460.00', 0),
(1421, 'shortness of breath', '460.00', 0),
(1422, 'High blood Pressure', '460.00', 0),
(1423, 'Weight Problems', '460.00', 0),
(1424, 'Eye sight Problems', '0.00', 0),
(1425, 'Vitamins Dispensary', '0.00', 0),
(1426, 'Stomach ache', '460.00', 0),
(1427, 'Headache', '460.00', 0),
(1428, 'Heartburn', '460.00', 0),
(1429, 'shortness of breath', '0.00', 0),
(1430, 'High blood Pressure', '0.00', 0),
(1431, 'Weight Problems', '460.00', 0),
(1432, 'Eye sight Problems', '460.00', 0),
(1433, 'Vitamins Dispensary', '460.00', 0),
(1434, 'Stomach ache', '0.00', 0),
(1435, 'Headache', '0.00', 0),
(1436, 'Heartburn', '460.00', 0),
(1437, 'shortness of breath', '0.00', 0),
(1438, 'High blood Pressure', '460.00', 0),
(1439, 'Weight Problems', '460.00', 0),
(1440, 'Eye sight Problems', '460.00', 0),
(1441, 'Vitamins Dispensary', '0.00', 0),
(1442, 'Stomach ache', '0.00', 0),
(1443, 'Headache', '460.00', 0),
(1444, 'Heartburn', '460.00', 0),
(1445, 'shortness of breath', '460.00', 0),
(1446, 'High blood Pressure', '460.00', 0),
(1447, 'Weight Problems', '460.00', 0),
(1448, 'Eye sight Problems', '460.00', 0),
(1449, 'Vitamins Dispensary', '0.00', 0),
(1450, 'Stomach ache', '0.00', 0),
(1451, 'Headache', '460.00', 0),
(1452, 'Heartburn', '460.00', 0),
(1453, 'shortness of breath', '460.00', 0),
(1454, 'High blood Pressure', '0.00', 0),
(1455, 'Weight Problems', '480.00', 0),
(1456, 'Eye sight Problems', '480.00', 0),
(1457, 'Vitamins Dispensary', '480.00', 0),
(1458, 'Stomach ache', '0.00', 0),
(1459, 'Headache', '480.00', 0),
(1460, 'Heartburn', '0.00', 0),
(1461, 'shortness of breath', '0.00', 0),
(1462, 'High blood Pressure', '480.00', 0),
(1463, 'Weight Problems', '480.00', 0),
(1464, 'Eye sight Problems', '480.00', 0),
(1465, 'Vitamins Dispensary', '480.00', 0),
(1466, 'Stomach ache', '480.00', 0),
(1467, 'Headache', '0.00', 0),
(1468, 'Heartburn', '0.00', 0),
(1469, 'shortness of breath', '0.00', 0),
(1470, 'High blood Pressure', '0.00', 0),
(1471, 'Weight Problems', '0.00', 0),
(1472, 'Eye sight Problems', '480.00', 0),
(1473, 'Vitamins Dispensary', '480.00', 0),
(1474, 'Stomach ache', '480.00', 0),
(1475, 'Headache', '0.00', 0),
(1476, 'Heartburn', '480.00', 0),
(1477, 'shortness of breath', '0.00', 0),
(1478, 'High blood Pressure', '480.00', 0),
(1479, 'Weight Problems', '0.00', 0),
(1480, 'Eye sight Problems', '480.00', 0),
(1481, 'Vitamins Dispensary', '0.00', 0),
(1482, 'Stomach ache', '480.00', 0),
(1483, 'Headache', '0.00', 0),
(1484, 'Heartburn', '480.00', 0),
(1485, 'shortness of breath', '480.00', 0),
(1486, 'High blood Pressure', '0.00', 0),
(1487, 'Weight Problems', '0.00', 0),
(1488, 'Eye sight Problems', '480.00', 0),
(1489, 'Vitamins Dispensary', '0.00', 0),
(1490, 'Stomach ache', '480.00', 0),
(1491, 'Headache', '480.00', 0),
(1492, 'Heartburn', '0.00', 0),
(1493, 'shortness of breath', '480.00', 0),
(1494, 'High blood Pressure', '480.00', 0),
(1495, 'Weight Problems', '480.00', 0),
(1496, 'Eye sight Problems', '0.00', 0),
(1497, 'Vitamins Dispensary', '480.00', 0),
(1498, 'Stomach ache', '480.00', 0),
(1499, 'Headache', '480.00', 0),
(1500, 'Heartburn', '0.00', 0),
(1501, 'shortness of breath', '0.00', 0),
(1502, 'High blood Pressure', '480.00', 0),
(1503, 'Weight Problems', '480.00', 0),
(1504, 'Eye sight Problems', '480.00', 0),
(1505, 'Vitamins Dispensary', '0.00', 0),
(1506, 'Stomach ache', '0.00', 0),
(1507, 'Headache', '480.00', 0),
(1508, 'Heartburn', '480.00', 0),
(1509, 'shortness of breath', '480.00', 0),
(1510, 'High blood Pressure', '0.00', 0),
(1511, 'Weight Problems', '480.00', 0),
(1512, 'Eye sight Problems', '480.00', 0),
(1513, 'Vitamins Dispensary', '480.00', 0),
(1514, 'Stomach ache', '0.00', 0),
(1515, 'Headache', '480.00', 0),
(1516, 'Heartburn', '0.00', 0);

-- --------------------------------------------------------

--
-- Table structure for table `hcp`
--

CREATE TABLE `hcp` (
  `HCP_id` varchar(15) NOT NULL,
  `HCP_Name` varchar(40) NOT NULL,
  `HCP_spec` varchar(40) NOT NULL,
  `HCP_Email` varchar(30) NOT NULL
) ENGINE=InnoDB DEFAULT CHARSET=latin1;

--
-- Dumping data for table `hcp`
--

INSERT INTO `hcp` (`HCP_id`, `HCP_Name`, `HCP_spec`, `HCP_Email`) VALUES
('1', 'Allan Muller', 'Chiropractor', 'allanmuller@gmail.com'),
('10', 'Patel', 'cardiologist', 'patel@gmail.com'),
('11', 'Mkhize', 'allergist', 'mkhize@msn.com'),
('12', 'Harris', 'Oncologist', 'harris@gmail.com'),
('13', 'Tedder', 'Obstetrician', 'tedder@mweb.co.za'),
('14', 'Ntuli', 'Immunologist', 'ntuli@hotmail.com'),
('15', 'chetty', 'ENT specialist', 'chetty@hotmail.com'),
('16', 'Vawda', 'Endocrinologist', 'vawda@msn.com'),
('17', 'Poolingam', 'Physiotherapist', 'pooli@hotmail.com'),
('18', 'Pillay', 'hamatologist', 'pillay34@gmail.com'),
('19', 'Dube', 'Nephrologists', 'dube@msn.com'),
('2', 'Koorvajee', 'Physician', 'koorvajee@mweb.com'),
('20', 'Maharaj', 'Ophthalmologist', 'maharaj@hotmail.com'),
('3', 'Pentellgel', 'Dietician', 'pent@hotmail.com'),
('4', 'Moola', 'Gastro Specialist', 'moola@msn.com'),
('5', 'naidoo', 'gynea', 'naidoo@gmail.com'),
('6', 'Moodley', 'Neuro Surgeon', 'moodley@hotmail.com'),
('7', 'Smith', 'Herbal specialist', 'smith@hotmail.com'),
('8', 'Kunaka', 'Dentist', 'kunaka@hotmail.com'),
('9', 'Sighn', 'Dermatologist', 'sighn@msn.com'),
('HCP_id', 'HCP_Name', 'HCP_spec', 'HCP_email');

-- --------------------------------------------------------

--
-- Table structure for table `invoice`
--

CREATE TABLE `invoice` (
  `Invoice_id` int(11) NOT NULL,
  `Invoice_number` varchar(20) DEFAULT NULL,
  `Invoice_date` date DEFAULT NULL,
  `Client_id` varchar(15) DEFAULT NULL
) ENGINE=InnoDB DEFAULT CHARSET=latin1;

--
-- Dumping data for table `invoice`
--

INSERT INTO `invoice` (`Invoice_id`, `Invoice_number`, `Invoice_date`, `Client_id`) VALUES
(1, 'INV0001', '2010-01-28', '2012190284086'),
(2, 'INV0002', '2010-04-07', '7309060944088'),
(3, 'INV0003', '2010-05-06', '9003280235085'),
(4, 'INV0004', '2010-07-10', '7212170290085'),
(5, 'INV0005', '2010-07-19', '8807130418086'),
(6, 'INV0006', '2010-08-01', '4708110702087'),
(7, 'INV0007', '2010-08-05', '8610120779086'),
(8, 'INV0008', '2010-08-13', '9003280235085'),
(9, 'INV0009', '2010-12-22', '4104200140083'),
(10, 'INV0010', '2011-01-01', '650402056081'),
(11, 'INV0011', '2011-01-06', '5212190473083'),
(12, 'INV0012', '2011-01-11', '2703080994088'),
(13, 'INV0013', '2011-01-11', '2011240231088'),
(14, 'INV0014', '2011-01-14', '2808250506083'),
(15, 'INV0015', '2011-01-16', '4804180882084'),
(16, 'INV0016', '2011-01-17', '2008190919082'),
(17, 'INV0017', '2011-01-21', '8612040918085'),
(18, 'INV0018', '2011-01-28', '5008230824086'),
(19, 'INV0019', '2011-02-05', '9202010527088'),
(20, 'INV0020', '2011-02-05', '1512140600088'),
(21, 'INV0021', '2011-02-10', '2809270394087'),
(22, 'INV0022', '2011-02-19', '4003100886084'),
(23, 'INV0023', '2011-02-26', '6204260308088'),
(24, 'INV0024', '2011-03-02', '7902150410084'),
(25, 'INV0025', '2011-03-04', '2007100717086'),
(26, 'INV0026', '2011-03-05', '740501094086'),
(27, 'INV0027', '2011-03-06', '630710012087'),
(28, 'INV0028', '2011-03-10', '9710230788081'),
(29, 'INV0029', '2011-03-14', '1908150375082'),
(30, 'INV0030', '2011-03-17', '6607010903082'),
(31, 'INV0031', '2011-03-18', '4102140915085'),
(32, 'INV0032', '2011-03-18', '7002130927081'),
(33, 'INV0033', '2011-04-04', '4812160561083'),
(34, 'INV0034', '2011-04-08', '7312050486084'),
(35, 'INV0035', '2011-04-10', '8902010959088'),
(36, 'INV0036', '2011-04-11', '531127094084'),
(37, 'INV0037', '2011-04-12', '8511250864088'),
(38, 'INV0038', '2011-04-26', '7309060944088'),
(39, 'INV0039', '2011-05-03', '8009100659085'),
(40, 'INV0040', '2011-05-09', '5308230754082'),
(41, 'INV0041', '2011-05-18', '9411220643082'),
(42, 'INV0042', '2011-05-20', '5809250392081'),
(43, 'INV0043', '2011-05-28', '5507140417085'),
(44, 'INV0044', '2011-06-08', '4905080506087'),
(45, 'INV0045', '2011-06-09', '4111180106083'),
(46, 'INV0046', '2011-06-14', '1604070370087'),
(47, 'INV0047', '2011-06-24', '1105280586088'),
(48, 'INV0048', '2011-06-25', '4708110702087'),
(49, 'INV0049', '2011-06-26', '9706130545082'),
(50, 'INV0050', '2011-06-27', '1311240354085'),
(51, 'INV0051', '2011-07-04', '9710230788081'),
(52, 'INV0052', '2011-07-06', '2811170937087'),
(53, 'INV0053', '2011-07-11', '4003100886084'),
(54, 'INV0054', '2011-07-11', '5308230754082'),
(55, 'INV0055', '2011-07-13', '5510220761085'),
(56, 'INV0056', '2011-07-14', '7804050808083'),
(57, 'INV0057', '2011-08-08', '2802230303081'),
(58, 'INV0058', '2011-08-08', '2709110853083'),
(59, 'INV0059', '2011-08-22', '9810260112082'),
(60, 'INV0060', '2011-08-27', '9204240981082'),
(61, 'INV0061', '2011-09-09', '4512030696084'),
(62, 'INV0062', '2011-09-21', '4111180106083'),
(63, 'INV0063', '2011-09-22', '8101060996085'),
(64, 'INV0064', '2011-10-07', '2210130900088'),
(65, 'INV0065', '2011-10-09', '3708100193088'),
(66, 'INV0066', '2011-10-20', '1007230144085'),
(67, 'INV0067', '2011-10-25', '6509220788082'),
(68, 'INV0068', '2011-10-26', '400422050085'),
(69, 'INV0069', '2011-11-13', '491010022086'),
(70, 'INV0070', '2011-11-15', '740501094086'),
(71, 'INV0071', '2011-11-21', '6507120107086'),
(72, 'INV0072', '2011-11-27', '8504060165087'),
(73, 'INV0073', '2011-11-28', '3911070339085'),
(74, 'INV0074', '2011-12-02', '7701030854083'),
(75, 'INV0075', '2011-12-04', '4906270884086'),
(76, 'INV0076', '2011-12-06', '7707250934088'),
(77, 'INV0077', '2011-12-09', '5703210321082'),
(78, 'INV0078', '2011-12-10', '4812160561083'),
(79, 'INV0079', '2011-12-16', '8908220122088'),
(80, 'INV0080', '2012-01-01', '4708110702087'),
(81, 'INV0081', '2012-01-02', '780622020088'),
(82, 'INV0082', '2012-01-06', '1205040963082'),
(83, 'INV0083', '2012-01-07', '1003280163086'),
(84, 'INV0084', '2012-01-19', '451201089085'),
(85, 'INV0085', '2012-01-20', '7808140304084'),
(86, 'INV0086', '2012-01-20', '8807130418086'),
(87, 'INV0087', '2012-01-22', '82032206087'),
(88, 'INV0088', '2012-01-27', '290611026087'),
(89, 'INV0089', '2012-01-28', '3503100678084'),
(90, 'INV0090', '2012-02-01', '3004230801084'),
(91, 'INV0091', '2012-02-02', '7902150410084'),
(92, 'INV0092', '2012-02-04', '1205040963082'),
(93, 'INV0093', '2012-02-12', '1512140600088'),
(94, 'INV0094', '2012-02-13', '5805130165085'),
(95, 'INV0095', '2012-02-14', '7312170466084'),
(96, 'INV0096', '2012-02-19', '2005130271081'),
(97, 'INV0097', '2012-02-20', '2012200849081'),
(98, 'INV0098', '2012-02-25', '2809260609084'),
(99, 'INV0099', '2012-02-26', '4102140915085'),
(100, 'INV0100', '2012-02-27', '6803160923084'),
(101, 'INV0101', '2012-03-04', '9412180136082'),
(102, 'INV0102', '2012-03-07', '6204260308088'),
(103, 'INV0103', '2012-03-07', '7202270202087'),
(104, 'INV0104', '2012-03-09', '1107230618084'),
(105, 'INV0105', '2012-03-12', '6404030447088'),
(106, 'INV0106', '2012-03-12', '4508260675083'),
(107, 'INV0107', '2012-03-13', '2111130577081'),
(108, 'INV0108', '2012-03-13', '9509040129082'),
(109, 'INV0109', '2012-03-16', '8407030360083'),
(110, 'INV0110', '2012-03-18', '6412050862088'),
(111, 'INV0111', '2012-03-20', '9911090794084'),
(112, 'INV0112', '2012-03-21', '7312050486084'),
(113, 'INV0113', '2012-03-21', '7809130240082'),
(114, 'INV0114', '2012-03-22', '7203030169082'),
(115, 'INV0115', '2012-03-24', '7701260528087'),
(116, 'INV0116', '2012-03-26', '630710012087'),
(117, 'INV0117', '2012-04-04', '9210160769082'),
(118, 'INV0118', '2012-04-05', '2709210905082'),
(119, 'INV0119', '2012-04-06', '2104030218083'),
(120, 'INV0120', '2012-04-08', '9103060340082'),
(121, 'INV0121', '2012-04-09', '3601280328086'),
(122, 'INV0122', '2012-04-09', '3602250350086'),
(123, 'INV0123', '2012-04-11', '3001280724084'),
(124, 'INV0124', '2012-04-12', '4601060264085'),
(125, 'INV0125', '2012-04-13', '9212120894085'),
(126, 'INV0126', '2012-04-19', '4307190367081'),
(127, 'INV0127', '2012-04-28', '1203280171086'),
(128, 'INV0128', '2012-04-28', '490705046088'),
(129, 'INV0129', '2012-05-05', '660620054086'),
(130, 'INV0130', '2012-05-05', '2802230303081'),
(131, 'INV0131', '2012-05-11', '9710010812081'),
(132, 'INV0132', '2012-05-11', '740501094086'),
(133, 'INV0133', '2012-05-16', '8103140774084'),
(134, 'INV0134', '2012-05-17', '7003050348086'),
(135, 'INV0135', '2012-05-19', '5801140101084'),
(136, 'INV0136', '2012-05-21', '2303030988083'),
(137, 'INV0137', '2012-05-22', '2906040747081'),
(138, 'INV0138', '2012-05-25', '9901030534081'),
(139, 'INV0139', '2012-05-26', '1307090536085'),
(140, 'INV0140', '2012-05-26', '6005080590081'),
(141, 'INV0141', '2012-05-26', '8802220958083'),
(142, 'INV0142', '2012-06-03', '7004060440082'),
(143, 'INV0143', '2012-06-05', '9212120894085'),
(144, 'INV0144', '2012-06-06', '6102220345081'),
(145, 'INV0145', '2012-06-08', '2709210905082'),
(146, 'INV0146', '2012-06-09', '8103140774084'),
(147, 'INV0147', '2012-06-11', '7701260528087'),
(148, 'INV0148', '2012-06-13', '740501094086'),
(149, 'INV0149', '2012-06-14', '1504280313088'),
(150, 'INV0150', '2012-06-16', '2902030264083'),
(151, 'INV0151', '2012-06-17', '7602020209088'),
(152, 'INV0152', '2012-06-17', '4605100562088'),
(153, 'INV0153', '2012-06-22', '5507130805081'),
(154, 'INV0154', '2012-06-23', '4104200140083'),
(155, 'INV0155', '2012-06-25', '3410210326084'),
(156, 'INV0156', '2012-07-01', '8612040918085'),
(157, 'INV0157', '2012-07-04', '7003050348086'),
(158, 'INV0158', '2012-07-05', '9109270875081'),
(159, 'INV0159', '2012-07-10', '7202270202087'),
(160, 'INV0160', '2012-07-10', '5209150693082'),
(161, 'INV0161', '2012-07-11', '8612040918085'),
(162, 'INV0162', '2012-07-11', '6509050392085'),
(163, 'INV0163', '2012-07-14', '8906120948084'),
(164, 'INV0164', '2012-07-15', '8004280354084'),
(165, 'INV0165', '2012-07-16', '8209260885087'),
(166, 'INV0166', '2012-07-16', '1810160413088'),
(167, 'INV0167', '2012-07-17', '8101060996085'),
(168, 'INV0168', '2012-08-01', '2807090965085'),
(169, 'INV0169', '2012-08-11', '6102220345081'),
(170, 'INV0170', '2012-08-15', '7906010195081'),
(171, 'INV0171', '2012-08-15', '9103060340082'),
(172, 'INV0172', '2012-08-17', '3801170828084'),
(173, 'INV0173', '2012-08-19', '6605260331087'),
(174, 'INV0174', '2012-08-20', '6605260331087'),
(175, 'INV0175', '2012-08-25', '2711130236088'),
(176, 'INV0176', '2012-08-25', '3906250668088'),
(177, 'INV0177', '2012-09-05', '8504060165087'),
(178, 'INV0178', '2012-09-06', '7202270202087'),
(179, 'INV0179', '2012-09-07', '3004230801084'),
(180, 'INV0180', '2012-09-15', '670305077081'),
(181, 'INV0181', '2012-09-23', '1302080439088'),
(182, 'INV0182', '2012-09-25', '8807130418086'),
(183, 'INV0183', '2012-09-26', '9403280679088'),
(184, 'INV0184', '2012-10-01', '1011060902084'),
(185, 'INV0185', '2012-10-05', '7906010195081'),
(186, 'INV0186', '2012-10-08', '3605040496081'),
(187, 'INV0187', '2012-10-14', '9504060158084'),
(188, 'INV0188', '2012-10-16', '4710160845084'),
(189, 'INV0189', '2012-10-24', '2303030988083'),
(190, 'INV0190', '2012-10-25', '1203280171086'),
(191, 'INV0191', '2012-11-04', '1203280171086'),
(192, 'INV0192', '2012-11-05', '8508170901082'),
(193, 'INV0193', '2012-11-08', '4710160845084'),
(194, 'INV0194', '2012-11-10', '7004060440082'),
(195, 'INV0195', '2012-11-10', '1709280678088'),
(196, 'INV0196', '2012-11-19', '640428082086'),
(197, 'INV0197', '2012-11-22', '2805070756085'),
(198, 'INV0198', '2012-11-24', '3410210326084'),
(199, 'INV0199', '2012-11-24', '1906040694086'),
(200, 'INV0200', '2012-11-26', '1805020907085'),
(201, 'INV0201', '2012-11-26', '2709210905082'),
(202, 'INV0202', '2012-12-01', '7212170290085'),
(203, 'INV0203', '2012-12-01', '8511250864088'),
(204, 'INV0204', '2012-12-06', '510523033088'),
(205, 'INV0205', '2012-12-06', '1007230144085'),
(206, 'INV0206', '2012-12-07', '8610120779086'),
(207, 'INV0207', '2012-12-11', '2703080994088'),
(208, 'INV0208', '2012-12-15', '1204030632082'),
(209, 'INV0209', '2012-12-19', '2109180750085'),
(210, 'INV0210', '2012-12-20', '1311240354085'),
(211, 'INV0211', '2012-12-28', '6408200513081'),
(212, 'INV0212', '2012-12-28', '510523033088'),
(213, 'INV0213', '2013-01-01', '6308240548084'),
(214, 'INV0214', '2013-01-01', '1308190287088'),
(215, 'INV0215', '2013-01-01', '2102130913085'),
(216, 'INV0216', '2013-01-03', '1104280343081'),
(217, 'INV0217', '2013-01-04', '7801120638083'),
(218, 'INV0218', '2013-01-04', '4510260369082'),
(219, 'INV0219', '2013-01-05', '3909170450081'),
(220, 'INV0220', '2013-01-05', '7902150410084'),
(221, 'INV0221', '2013-01-06', '6201140807084'),
(222, 'INV0222', '2013-01-09', '5505090581082'),
(223, 'INV0223', '2013-01-09', '8008280468086'),
(224, 'INV0224', '2013-01-10', '780622020088'),
(225, 'INV0225', '2013-01-11', '9411220643082'),
(226, 'INV0226', '2013-01-11', '1311240354085'),
(227, 'INV0227', '2013-01-13', '7106160389084'),
(228, 'INV0228', '2013-01-14', '3305280817081'),
(229, 'INV0229', '2013-01-14', '4905080506087'),
(230, 'INV0230', '2013-01-16', '8409280542088'),
(231, 'INV0231', '2013-01-20', '1512170591085'),
(232, 'INV0232', '2013-01-21', '2104030218083'),
(233, 'INV0233', '2013-01-22', '2011240231088'),
(234, 'INV0234', '2013-01-23', '9109270875081'),
(235, 'INV0235', '2013-01-23', '3505100334081'),
(236, 'INV0236', '2013-01-24', '6112060275088'),
(237, 'INV0237', '2013-01-26', '5706150123087'),
(238, 'INV0238', '2013-01-26', '1412130177086'),
(239, 'INV0239', '2013-01-26', '2012200849081'),
(240, 'INV0240', '2013-01-27', '2804220399085'),
(241, 'INV0241', '2013-02-01', '2709110853083'),
(242, 'INV0242', '2013-02-02', '9701100285087'),
(243, 'INV0243', '2013-02-02', '1906040694086'),
(244, 'INV0244', '2013-02-03', '3508030550085'),
(245, 'INV0245', '2013-02-03', '5703210321082'),
(246, 'INV0246', '2013-02-04', '7412210788083'),
(247, 'INV0247', '2013-02-05', '9706130545082'),
(248, 'INV0248', '2013-02-05', '7704070438085'),
(249, 'INV0249', '2013-02-06', '3605040496081'),
(250, 'INV0250', '2013-02-06', '2808250506083'),
(251, 'INV0251', '2013-02-07', '1906040694086'),
(252, 'INV0252', '2013-02-07', '9003280235085'),
(253, 'INV0253', '2013-02-08', '6509220788082'),
(254, 'INV0254', '2013-02-08', '5703210321082'),
(255, 'INV0255', '2013-02-09', '3902120576083'),
(256, 'INV0256', '2013-02-09', '3902120576083'),
(257, 'INV0257', '2013-02-09', '8511250864088'),
(258, 'INV0258', '2013-02-11', '8703170594084'),
(259, 'INV0259', '2013-02-11', '7410130630081'),
(260, 'INV0260', '2013-02-12', '2703080994088'),
(261, 'INV0261', '2013-02-13', '2007100717086'),
(262, 'INV0262', '2013-02-17', '490705046088'),
(263, 'INV0263', '2013-02-18', '1203280171086'),
(264, 'INV0264', '2013-02-19', '6511130973087'),
(265, 'INV0265', '2013-02-19', '9110230494081'),
(266, 'INV0266', '2013-02-20', '6802050633083'),
(267, 'INV0267', '2013-02-20', '6705050635085'),
(268, 'INV0268', '2013-02-21', '4702060556086'),
(269, 'INV0269', '2013-02-22', '3305280817081'),
(270, 'INV0270', '2013-02-23', '4005040289082'),
(271, 'INV0271', '2013-02-25', '8807130418086'),
(272, 'INV0272', '2013-02-26', '3508130716085'),
(273, 'INV0273', '2013-02-28', '2809270394087'),
(274, 'INV0274', '2013-03-01', '400422050085'),
(275, 'INV0275', '2013-03-01', '9311100557082'),
(276, 'INV0276', '2013-03-02', '521023092081'),
(277, 'INV0277', '2013-03-02', '5711110485087'),
(278, 'INV0278', '2013-03-02', '5907270761084'),
(279, 'INV0279', '2013-03-05', '1804030915086'),
(280, 'INV0280', '2013-03-06', '6102220345081'),
(281, 'INV0281', '2013-03-06', '9109140754088'),
(282, 'INV0282', '2013-03-06', '5308230754082'),
(283, 'INV0283', '2013-03-06', '5109080251088'),
(284, 'INV0284', '2013-03-11', '9403280679088'),
(285, 'INV0285', '2013-03-12', '2711130236088'),
(286, 'INV0286', '2013-03-12', '6803160923084'),
(287, 'INV0287', '2013-03-12', '3610150249083'),
(288, 'INV0288', '2013-03-12', '5001070584088'),
(289, 'INV0289', '2013-03-14', '1204030632082'),
(290, 'INV0290', '2013-03-16', '1504280313088'),
(291, 'INV0291', '2013-03-16', '8906120948084'),
(292, 'INV0292', '2013-03-17', '3503100678084'),
(293, 'INV0293', '2013-03-17', '8209260885087'),
(294, 'INV0294', '2013-03-19', '5505090581082'),
(295, 'INV0295', '2013-03-22', '8709250986088'),
(296, 'INV0296', '2013-03-22', '1107230618084'),
(297, 'INV0297', '2013-03-24', '1011060902084'),
(298, 'INV0298', '2013-03-24', '6509050392085'),
(299, 'INV0299', '2013-03-24', '4910190324088'),
(300, 'INV0300', '2013-04-02', '6404030447088'),
(301, 'INV0301', '2013-04-02', '6112060275088'),
(302, 'INV0302', '2013-04-03', '2210130900088'),
(303, 'INV0303', '2013-04-04', '4905080506087'),
(304, 'INV0304', '2013-04-04', '3601280328086'),
(305, 'INV0305', '2013-04-04', '2008190919082'),
(306, 'INV0306', '2013-04-04', '1011160807087'),
(307, 'INV0307', '2013-04-05', '5307060340088'),
(308, 'INV0308', '2013-04-05', '6204260308088'),
(309, 'INV0309', '2013-04-05', '6907130694085'),
(310, 'INV0310', '2013-04-06', '4202160138084'),
(311, 'INV0311', '2013-04-06', '4909110460081'),
(312, 'INV0312', '2013-04-06', '2205140565082'),
(313, 'INV0313', '2013-04-07', '5612220214081'),
(314, 'INV0314', '2013-04-07', '2709210905082'),
(315, 'INV0315', '2013-04-07', '6808120518082'),
(316, 'INV0316', '2013-04-07', '7801120638083'),
(317, 'INV0317', '2013-04-08', '4910190324088'),
(318, 'INV0318', '2013-04-09', '5212190473083'),
(319, 'INV0319', '2013-04-09', '2109050549084'),
(320, 'INV0320', '2013-04-10', '8004280354084'),
(321, 'INV0321', '2013-04-10', '82032206087'),
(322, 'INV0322', '2013-04-10', '7002130927081'),
(323, 'INV0323', '2013-04-11', '3911070339085'),
(324, 'INV0324', '2013-04-11', '5202230409086'),
(325, 'INV0325', '2013-04-13', '8309040682084'),
(326, 'INV0326', '2013-04-14', '3509040348083'),
(327, 'INV0327', '2013-04-15', '2205140565082'),
(328, 'INV0328', '2013-04-15', '9307040620082'),
(329, 'INV0329', '2013-04-16', '3503100678084'),
(330, 'INV0330', '2013-04-17', '1704180177085'),
(331, 'INV0331', '2013-04-17', '6507050556081'),
(332, 'INV0332', '2013-04-17', '7004060440082'),
(333, 'INV0333', '2013-04-19', '5512160318087'),
(334, 'INV0334', '2013-04-21', '1003280163086'),
(335, 'INV0335', '2013-04-22', '4003100886084'),
(336, 'INV0336', '2013-04-22', '9606270939081'),
(337, 'INV0337', '2013-04-25', '5801140101084'),
(338, 'INV0338', '2013-04-28', '9204240981082'),
(339, 'INV0339', '2013-04-28', '82032206087'),
(340, 'INV0340', '2013-04-28', '660620054086'),
(341, 'INV0341', '2013-05-04', '6308240548084'),
(342, 'INV0342', '2013-05-06', '780622020088'),
(343, 'INV0343', '2013-05-06', '6803160923084'),
(344, 'INV0344', '2013-05-07', '2605130248088'),
(345, 'INV0345', '2013-05-07', '7902150410084'),
(346, 'INV0346', '2013-05-07', '7912110951087'),
(347, 'INV0347', '2013-05-08', '1810160413088'),
(348, 'INV0348', '2013-05-08', '4910190324088'),
(349, 'INV0349', '2013-05-08', '9611150348082'),
(350, 'INV0350', '2013-05-11', '8703280117084'),
(351, 'INV0351', '2013-05-11', '670305077081'),
(352, 'INV0352', '2013-05-11', '1803090222085'),
(353, 'INV0353', '2013-05-13', '4511070585086'),
(354, 'INV0354', '2013-05-13', '3211200919082'),
(355, 'INV0355', '2013-05-17', '2707050803087'),
(356, 'INV0356', '2013-05-17', '8004280354084'),
(357, 'INV0357', '2013-05-17', '1012070281082'),
(358, 'INV0358', '2013-05-17', '4509220879086'),
(359, 'INV0359', '2013-05-18', '6201140807084'),
(360, 'INV0360', '2013-05-20', '1908150375082'),
(361, 'INV0361', '2013-05-20', '4909110460081'),
(362, 'INV0362', '2013-05-21', '8907090202087'),
(363, 'INV0363', '2013-05-22', '5901150381088'),
(364, 'INV0364', '2013-05-23', '9311100557082'),
(365, 'INV0365', '2013-05-23', '6803010610087'),
(366, 'INV0366', '2013-05-24', '151021036088'),
(367, 'INV0367', '2013-05-24', '2707050803087'),
(368, 'INV0368', '2013-05-24', '5505090581082'),
(369, 'INV0369', '2013-05-25', '3912200408082'),
(370, 'INV0370', '2013-05-27', '9408100658087'),
(371, 'INV0371', '2013-05-28', '2005130271081'),
(372, 'INV0372', '2013-05-28', '4601060264085'),
(373, 'INV0373', '2013-06-01', '2109180750085'),
(374, 'INV0374', '2013-06-01', '9701100285087'),
(375, 'INV0375', '2013-06-02', '7906010195081'),
(376, 'INV0376', '2013-06-04', '6412050862088'),
(377, 'INV0377', '2013-06-04', '2109050549084'),
(378, 'INV0378', '2013-06-05', '5209150693082'),
(379, 'INV0379', '2013-06-06', '6509220788082'),
(380, 'INV0380', '2013-06-06', '8709250986088'),
(381, 'INV0381', '2013-06-09', '7701030854083'),
(382, 'INV0382', '2013-06-10', '4110240825083'),
(383, 'INV0383', '2013-06-11', '2012190284086'),
(384, 'INV0384', '2013-06-11', '4905080506087'),
(385, 'INV0385', '2013-06-11', '2201120350085'),
(386, 'INV0386', '2013-06-12', '1007230144085'),
(387, 'INV0387', '2013-06-12', '8810240788083'),
(388, 'INV0388', '2013-06-13', '4512030696084'),
(389, 'INV0389', '2013-06-13', '9609270686085'),
(390, 'INV0390', '2013-06-18', '5507140417085'),
(391, 'INV0391', '2013-06-19', '7809130240082'),
(392, 'INV0392', '2013-06-19', '4512220543086'),
(393, 'INV0393', '2013-06-20', '7912110951087'),
(394, 'INV0394', '2013-06-20', '9307040620082'),
(395, 'INV0395', '2013-06-20', '8012160653084'),
(396, 'INV0396', '2013-06-21', '7707250934088'),
(397, 'INV0397', '2013-06-23', '4302130387083'),
(398, 'INV0398', '2013-06-23', '7906010195081'),
(399, 'INV0399', '2013-06-23', '9311100557082'),
(400, 'INV0400', '2013-06-26', '6311250169086'),
(401, 'INV0401', '2013-06-26', '7410130630081'),
(402, 'INV0402', '2013-06-27', '2804070757085'),
(403, 'INV0403', '2013-06-27', '2703080994088'),
(404, 'INV0404', '2013-07-01', '2703080994088'),
(405, 'INV0405', '2013-07-02', '2804220399085'),
(406, 'INV0406', '2013-07-02', '5608010370088'),
(407, 'INV0407', '2013-07-02', '640428082086'),
(408, 'INV0408', '2013-07-03', '2303030988083'),
(409, 'INV0409', '2013-07-04', '2007100717086'),
(410, 'INV0410', '2013-07-04', '47120603088'),
(411, 'INV0411', '2013-07-06', '1604070370087'),
(412, 'INV0412', '2013-07-07', '5705080129087'),
(413, 'INV0413', '2013-07-09', '9411220643082'),
(414, 'INV0414', '2013-07-09', '6609200993085'),
(415, 'INV0415', '2013-07-09', '521023092081'),
(416, 'INV0416', '2013-07-09', '3911070339085'),
(417, 'INV0417', '2013-07-10', '6909200583086'),
(418, 'INV0418', '2013-07-11', '1709240402082'),
(419, 'INV0419', '2013-07-11', '9103060340082'),
(420, 'INV0420', '2013-07-12', '9307040620082'),
(421, 'INV0421', '2013-07-12', '6803010610087'),
(422, 'INV0422', '2013-07-14', '6404230631085'),
(423, 'INV0423', '2013-07-14', '4911280960085'),
(424, 'INV0424', '2013-07-16', '5907270761084'),
(425, 'INV0425', '2013-07-16', '1302080439088'),
(426, 'INV0426', '2013-07-17', '2804220399085'),
(427, 'INV0427', '2013-07-17', '3305280817081'),
(428, 'INV0428', '2013-07-18', '6201140807084'),
(429, 'INV0429', '2013-07-18', '9012110306084'),
(430, 'INV0430', '2013-07-18', '2309220589087'),
(431, 'INV0431', '2013-07-20', '3004230801084'),
(432, 'INV0432', '2013-07-20', '2411070180081'),
(433, 'INV0433', '2013-07-20', '5008230824086'),
(434, 'INV0434', '2013-07-20', '3605090332085'),
(435, 'INV0435', '2013-07-21', '4111180106083'),
(436, 'INV0436', '2013-07-21', '7707250934088'),
(437, 'INV0437', '2013-07-21', '3810250735087'),
(438, 'INV0438', '2013-07-22', '7701030854083'),
(439, 'INV0439', '2013-07-22', '2802230303081'),
(440, 'INV0440', '2013-07-23', '6706090775083'),
(441, 'INV0441', '2013-07-24', '5002080660085'),
(442, 'INV0442', '2013-07-26', '4102140915085'),
(443, 'INV0443', '2013-07-26', '2704170868088'),
(444, 'INV0444', '2013-07-27', '9110230494081'),
(445, 'INV0445', '2013-08-05', '451201089085'),
(446, 'INV0446', '2013-08-05', '4504280921086'),
(447, 'INV0447', '2013-08-05', '341216047088'),
(448, 'INV0448', '2013-08-06', '1805020907085'),
(449, 'INV0449', '2013-08-08', '1003250239088'),
(450, 'INV0450', '2013-08-08', '3602250350086'),
(451, 'INV0451', '2013-08-10', '5711110485087'),
(452, 'INV0452', '2013-08-11', '1204030632082'),
(453, 'INV0453', '2013-08-12', '4102140915085'),
(454, 'INV0454', '2013-08-12', '8703170594084'),
(455, 'INV0455', '2013-08-13', '4509140295084'),
(456, 'INV0456', '2013-08-13', '4308010928085'),
(457, 'INV0457', '2013-08-15', '8501270465083'),
(458, 'INV0458', '2013-08-15', '4910190324088'),
(459, 'INV0459', '2013-08-17', '9204240981082'),
(460, 'INV0460', '2013-08-18', '8012160653084'),
(461, 'INV0461', '2013-08-18', '2111130577081'),
(462, 'INV0462', '2013-08-19', '5703210321082'),
(463, 'INV0463', '2013-08-20', '5002080660085'),
(464, 'INV0464', '2013-08-21', '2703080994088'),
(465, 'INV0465', '2013-08-21', '2007100717086'),
(466, 'INV0466', '2013-08-22', '4710160845084'),
(467, 'INV0467', '2013-08-25', '6201140807084'),
(468, 'INV0468', '2013-08-26', '8101060996085'),
(469, 'INV0469', '2013-08-27', '6201140807084'),
(470, 'INV0470', '2013-08-28', '7003050348086'),
(471, 'INV0471', '2013-09-01', '7212170290085'),
(472, 'INV0472', '2013-09-01', '7205020213082'),
(473, 'INV0473', '2013-09-02', '3801170828084'),
(474, 'INV0474', '2013-09-02', '290611026087'),
(475, 'INV0475', '2013-09-03', '1011060902084'),
(476, 'INV0476', '2013-09-03', '2709110853083'),
(477, 'INV0477', '2013-09-03', '2709210905082'),
(478, 'INV0478', '2013-09-03', '9908260536088'),
(479, 'INV0479', '2013-09-04', '6810160795088'),
(480, 'INV0480', '2013-09-05', '4211180586086'),
(481, 'INV0481', '2013-09-06', '660620054086'),
(482, 'INV0482', '2013-09-07', '5704100297086'),
(483, 'INV0483', '2013-09-07', '4708110702087'),
(484, 'INV0484', '2013-09-07', '7004060440082'),
(485, 'INV0485', '2013-09-08', '6602070398082'),
(486, 'INV0486', '2013-09-09', '5507130805081'),
(487, 'INV0487', '2013-09-10', '6802050633083'),
(488, 'INV0488', '2013-09-10', '2012200849081'),
(489, 'INV0489', '2013-09-10', '5512160318087'),
(490, 'INV0490', '2013-09-11', '5608010370088'),
(491, 'INV0491', '2013-09-11', '3610150249083'),
(492, 'INV0492', '2013-09-11', '2411070180081'),
(493, 'INV0493', '2013-09-11', '6909200583086'),
(494, 'INV0494', '2013-09-11', '1205040963082'),
(495, 'INV0495', '2013-09-11', '9311100557082'),
(496, 'INV0496', '2013-09-12', '2009210740082'),
(497, 'INV0497', '2013-09-12', '7907160124082'),
(498, 'INV0498', '2013-09-12', '740501094086'),
(499, 'INV0499', '2013-09-13', '8104260177081'),
(500, 'INV0500', '2013-09-14', '3810250735087'),
(501, 'INV0501', '2013-09-14', '730823030086'),
(502, 'INV0502', '2013-09-14', '530628013085'),
(503, 'INV0503', '2013-09-16', '7907160124082'),
(504, 'INV0504', '2013-09-18', '6706260635082'),
(505, 'INV0505', '2013-09-19', '7707250934088'),
(506, 'INV0506', '2013-09-19', '3211200919082'),
(507, 'INV0507', '2013-09-20', '740501094086'),
(508, 'INV0508', '2013-09-22', '5612220214081'),
(509, 'INV0509', '2013-09-23', '7108280360087'),
(510, 'INV0510', '2013-09-23', '2309220589087'),
(511, 'INV0511', '2013-09-23', '1005260157083'),
(512, 'INV0512', '2013-09-24', '6311250169086'),
(513, 'INV0513', '2013-09-24', '1107230618084'),
(514, 'INV0514', '2013-09-24', '851123068082'),
(515, 'INV0515', '2013-09-25', '3208130215083'),
(516, 'INV0516', '2013-09-27', '2703080994088'),
(517, 'INV0517', '2013-09-28', '4211180586086'),
(518, 'INV0518', '2013-09-28', '4403240664081'),
(519, 'INV0519', '2013-09-28', '2007100717086'),
(520, 'INV0520', '2013-10-01', '7808220226082'),
(521, 'INV0521', '2013-10-01', '8902010959088'),
(522, 'INV0522', '2013-10-01', '3208130215083'),
(523, 'INV0523', '2013-10-02', '9412180136082'),
(524, 'INV0524', '2013-10-02', '1908150375082'),
(525, 'INV0525', '2013-10-04', '5009140926088'),
(526, 'INV0526', '2013-10-06', '5704100297086'),
(527, 'INV0527', '2013-10-07', '3508130716085'),
(528, 'INV0528', '2013-10-07', '1401030341085'),
(529, 'INV0529', '2013-10-08', '2709210905082'),
(530, 'INV0530', '2013-10-08', '1902060828085'),
(531, 'INV0531', '2013-10-10', '2008190919082'),
(532, 'INV0532', '2013-10-10', '2711130236088'),
(533, 'INV0533', '2013-10-10', '8807180866088'),
(534, 'INV0534', '2013-10-10', '1401030341085'),
(535, 'INV0535', '2013-10-11', '151021036088'),
(536, 'INV0536', '2013-10-12', '5206110625085'),
(537, 'INV0537', '2013-10-13', '1608130591087'),
(538, 'INV0538', '2013-10-13', '7907160124082'),
(539, 'INV0539', '2013-10-15', '5210250933083'),
(540, 'INV0540', '2013-10-16', '1011060902084'),
(541, 'INV0541', '2013-10-16', '9403280679088'),
(542, 'INV0542', '2013-10-17', '5809170914084'),
(543, 'INV0543', '2013-10-17', '8810240788083'),
(544, 'INV0544', '2013-10-18', '8802220958083'),
(545, 'INV0545', '2013-10-19', '6609200993085'),
(546, 'INV0546', '2013-10-20', '9003280235085'),
(547, 'INV0547', '2013-10-21', '5706200140082'),
(548, 'INV0548', '2013-10-23', '4509140295084'),
(549, 'INV0549', '2013-10-24', '4512030696084'),
(550, 'INV0550', '2013-10-24', '7912110951087'),
(551, 'INV0551', '2013-10-25', '531127094084'),
(552, 'INV0552', '2013-10-26', '6412170702085'),
(553, 'INV0553', '2013-11-01', '4211180586086'),
(554, 'INV0554', '2013-11-02', '8301170304085'),
(555, 'INV0555', '2013-11-02', '5109040274081'),
(556, 'INV0556', '2013-11-02', '6209040562083'),
(557, 'INV0557', '2013-11-03', '6802050633083'),
(558, 'INV0558', '2013-11-03', '3509040348083'),
(559, 'INV0559', '2013-11-03', '9109140754088'),
(560, 'INV0560', '2013-11-06', '5602060518087'),
(561, 'INV0561', '2013-11-07', '521023092081'),
(562, 'INV0562', '2013-11-10', '6204260308088'),
(563, 'INV0563', '2013-11-10', '7805110427084'),
(564, 'INV0564', '2013-11-11', '9012110306084'),
(565, 'INV0565', '2013-11-12', '9706130545082'),
(566, 'INV0566', '2013-11-14', '5907270761084'),
(567, 'INV0567', '2013-11-14', '9212120894085'),
(568, 'INV0568', '2013-11-15', '7002130927081'),
(569, 'INV0569', '2013-11-16', '4804180882084'),
(570, 'INV0570', '2013-11-16', '2109050549084'),
(571, 'INV0571', '2013-11-17', '3902120576083'),
(572, 'INV0572', '2013-11-18', '2907080814082'),
(573, 'INV0573', '2013-11-19', '2807090965085'),
(574, 'INV0574', '2013-11-19', '6311250169086'),
(575, 'INV0575', '2013-11-20', '6907130694085'),
(576, 'INV0576', '2013-11-21', '2309220589087'),
(577, 'INV0577', '2013-11-21', '6602070398082'),
(578, 'INV0578', '2013-11-21', '660620054086'),
(579, 'INV0579', '2013-11-22', '6308240548084'),
(580, 'INV0580', '2013-11-22', '2012190284086'),
(581, 'INV0581', '2013-11-23', '9412180136082'),
(582, 'INV0582', '2013-11-23', '4508260675083'),
(583, 'INV0583', '2013-11-24', '6705050635085'),
(584, 'INV0584', '2013-11-28', '2804070757085'),
(585, 'INV0585', '2013-12-01', '7212170290085'),
(586, 'INV0586', '2013-12-02', '9710230788081'),
(587, 'INV0587', '2013-12-04', '6910130773087'),
(588, 'INV0588', '2013-12-07', '3801170828084'),
(589, 'INV0589', '2013-12-07', '521023092081'),
(590, 'INV0590', '2013-12-08', '8008280468086'),
(591, 'INV0591', '2013-12-08', '1311240354085'),
(592, 'INV0592', '2013-12-09', '2109050549084'),
(593, 'INV0593', '2013-12-09', '2411070180081'),
(594, 'INV0594', '2013-12-09', '5612220214081'),
(595, 'INV0595', '2013-12-10', '7412210788083'),
(596, 'INV0596', '2013-12-10', '4005040289082'),
(597, 'INV0597', '2013-12-11', '7705180627087'),
(598, 'INV0598', '2013-12-12', '8009100659085'),
(599, 'INV0599', '2013-12-13', '770124076088'),
(600, 'INV0600', '2013-12-15', '5910030388087'),
(601, 'INV0601', '2013-12-15', '9408100658087'),
(602, 'INV0602', '2013-12-17', '4103240120082'),
(603, 'INV0603', '2013-12-17', '4308010928085'),
(604, 'INV0604', '2013-12-17', '6706090775083'),
(605, 'INV0605', '2013-12-18', '6910130773087'),
(606, 'INV0606', '2013-12-20', '8105100593086'),
(607, 'INV0607', '2013-12-21', '1412130177086'),
(608, 'INV0608', '2013-12-21', '9902110250084'),
(609, 'INV0609', '2013-12-21', '6803160923084'),
(610, 'INV0610', '2013-12-21', '7907160124082'),
(611, 'INV0611', '2013-12-21', '1307090536085'),
(612, 'INV0612', '2013-12-22', '8101060996085'),
(613, 'INV0613', '2013-12-23', '9311100557082'),
(614, 'INV0614', '2013-12-26', '5009140926088'),
(615, 'INV0615', '2013-12-27', '4111180106083'),
(616, 'INV0616', '2013-12-27', '5109040274081'),
(617, 'INV0617', '2013-12-28', '8301170304085'),
(618, 'INV0618', '2013-12-28', '531127094084'),
(619, 'INV0619', '2014-01-01', '2007100717086'),
(620, 'INV0620', '2014-01-02', '8103140774084'),
(621, 'INV0621', '2014-01-03', '5308230754082'),
(622, 'INV0622', '2014-01-03', '4104200140083'),
(623, 'INV0623', '2014-01-04', '5608060712087'),
(624, 'INV0624', '2014-01-05', '7312170466084'),
(625, 'INV0625', '2014-01-07', '5212190473083'),
(626, 'INV0626', '2014-01-07', '4511070585086'),
(627, 'INV0627', '2014-01-09', '3906250668088'),
(628, 'INV0628', '2014-01-09', '4812160561083'),
(629, 'INV0629', '2014-01-09', '4403190822084'),
(630, 'INV0630', '2014-01-14', '2011240231088'),
(631, 'INV0631', '2014-01-14', '3810250735087'),
(632, 'INV0632', '2014-01-18', '1401030341085'),
(633, 'INV0633', '2014-01-19', '3001280724084'),
(634, 'INV0634', '2014-01-23', '8807180866088'),
(635, 'INV0635', '2014-01-23', '7303120569085'),
(636, 'INV0636', '2014-01-24', '660620054086'),
(637, 'INV0637', '2014-01-25', '5512160318087'),
(638, 'INV0638', '2014-01-26', '7805110427084'),
(639, 'INV0639', '2014-01-28', '3508130716085'),
(640, 'INV0640', '2014-02-02', '3306170196085'),
(641, 'INV0641', '2014-02-02', '8012160653084'),
(642, 'INV0642', '2014-02-05', '9412180136082'),
(643, 'INV0643', '2014-02-07', '650402056081'),
(644, 'INV0644', '2014-02-10', '8306110412083'),
(645, 'INV0645', '2014-02-11', '3503100678084'),
(646, 'INV0646', '2014-02-13', '6404210377085'),
(647, 'INV0647', '2014-02-13', '8506270616083'),
(648, 'INV0648', '2014-02-14', '7009130331088'),
(649, 'INV0649', '2014-02-15', '5206110625085'),
(650, 'INV0650', '2014-02-18', '8006220732085'),
(651, 'INV0651', '2014-02-19', '5809250392081'),
(652, 'INV0652', '2014-02-19', '6802050633083'),
(653, 'INV0653', '2014-02-20', '4104200140083'),
(654, 'INV0654', '2014-02-20', '2205140565082'),
(655, 'INV0655', '2014-02-21', '7505030416082'),
(656, 'INV0656', '2014-02-24', '1709280678088'),
(657, 'INV0657', '2014-02-25', '8902010959088'),
(658, 'INV0658', '2014-03-01', '7306050161086'),
(659, 'INV0659', '2014-03-03', '6511130973087'),
(660, 'INV0660', '2014-03-06', '491010022086'),
(661, 'INV0661', '2014-03-13', '851123068082'),
(662, 'INV0662', '2014-03-15', '6507070463082'),
(663, 'INV0663', '2014-03-15', '4708110702087'),
(664, 'INV0664', '2014-03-16', '1608130591087'),
(665, 'INV0665', '2014-03-17', '9810260112082'),
(666, 'INV0666', '2014-03-17', '8807180866088'),
(667, 'INV0667', '2014-03-17', '4004220578084'),
(668, 'INV0668', '2014-03-18', '5512080417086'),
(669, 'INV0669', '2014-03-19', '1311040718081'),
(670, 'INV0670', '2014-03-19', '7203030169082'),
(671, 'INV0671', '2014-03-22', '4512220543086'),
(672, 'INV0672', '2014-03-23', '740501094086'),
(673, 'INV0673', '2014-03-25', '3605090332085'),
(674, 'INV0674', '2014-03-26', '6308240548084'),
(675, 'INV0675', '2014-03-27', '6507120107086'),
(676, 'INV0676', '2014-04-03', '6204260308088'),
(677, 'INV0677', '2014-04-04', '780622020088'),
(678, 'INV0678', '2014-04-05', '521023092081'),
(679, 'INV0679', '2014-04-05', '6509050392085'),
(680, 'INV0680', '2014-04-06', '1003250239088'),
(681, 'INV0681', '2014-04-07', '5704100297086'),
(682, 'INV0682', '2014-04-12', '9109150355087'),
(683, 'INV0683', '2014-04-13', '5801140101084'),
(684, 'INV0684', '2014-04-14', '6605260331087'),
(685, 'INV0685', '2014-04-19', '8906120948084'),
(686, 'INV0686', '2014-04-23', '7411170290083'),
(687, 'INV0687', '2014-04-25', '4509140295084'),
(688, 'INV0688', '2014-04-26', '9601060188087'),
(689, 'INV0689', '2014-04-27', '2207010632083'),
(690, 'INV0690', '2014-05-02', '5507140417085'),
(691, 'INV0691', '2014-05-02', '6511130973087'),
(692, 'INV0692', '2014-05-06', '8501030560088'),
(693, 'INV0693', '2014-05-06', '6910130773087'),
(694, 'INV0694', '2014-05-06', '2005130271081'),
(695, 'INV0695', '2014-05-06', '2605150205088'),
(696, 'INV0696', '2014-05-06', '3708100193088'),
(697, 'INV0697', '2014-05-08', '4005040289082'),
(698, 'INV0698', '2014-05-08', '5206110625085'),
(699, 'INV0699', '2014-05-11', '7312170466084'),
(700, 'INV0700', '2014-05-13', '1107230618084'),
(701, 'INV0701', '2014-05-14', '9911090794084'),
(702, 'INV0702', '2014-05-15', '780622020088'),
(703, 'INV0703', '2014-05-17', '630710012087'),
(704, 'INV0704', '2014-05-17', '5202230409086'),
(705, 'INV0705', '2014-05-18', '9810260112082'),
(706, 'INV0706', '2014-05-19', '4202160138084'),
(707, 'Invoice_Number', '0000-00-00', 'Client_id');

-- --------------------------------------------------------

--
-- Table structure for table `suppliment`
--

CREATE TABLE `suppliment` (
  `Suppliment_id` int(11) NOT NULL,
  `Suppliment_Price` decimal(7,2) NOT NULL,
  `Supppliment_in_stock` int(11) NOT NULL,
  `Suppliment_description` text NOT NULL
) ENGINE=InnoDB DEFAULT CHARSET=latin1;

--
-- Dumping data for table `suppliment`
--

INSERT INTO `suppliment` (`Suppliment_id`, `Suppliment_Price`, `Supppliment_in_stock`, `Suppliment_description`) VALUES
(1, '386.82', 28, '90'),
(2, '285.10', 41, '60'),
(3, '282.16', 22, '60'),
(4, '268.08', 13, '60'),
(5, '269.14', 1, '60'),
(6, '315.26', 36, '60'),
(7, '286.94', 34, '60'),
(8, '234.94', 27, '60'),
(9, '386.64', 33, '90'),
(10, '283.28', 2, '180g powder'),
(11, '228.55', 49, '118ml'),
(12, '313.68', 13, '60'),
(13, '170.04', 44, '30'),
(14, '342.07', 37, '113g'),
(15, '391.20', 37, '60'),
(16, '294.30', 25, '120ml jar'),
(17, '287.58', 36, '118ml'),
(18, '214.42', 38, '30'),
(19, '161.98', 40, '750ml'),
(20, '237.22', 18, '60'),
(21, '329.82', 17, '30 one month suupply'),
(22, '225.82', 36, '60'),
(23, '610.00', 29, '240'),
(24, '290.63', 10, '30'),
(25, '353.50', 35, '90'),
(26, '307.72', 17, '120'),
(27, '263.70', 8, '400g'),
(28, '329.82', 29, '60'),
(29, '264.40', 33, '60'),
(30, '359.72', 28, '400g'),
(31, '185.49', 43, '60'),
(32, '271.42', 22, '60'),
(33, '272.38', 23, '60'),
(34, '292.98', 3, '60'),
(35, '159.60', 4, '60'),
(36, '295.18', 23, '60\'s'),
(37, '284.06', 2, '60'),
(38, '241.16', 9, '120'),
(39, '304.48', 35, '180'),
(40, '184.18', 5, '90'),
(41, '226.96', 29, '90'),
(42, '434.70', 17, '60'),
(43, '251.86', 5, '60'),
(44, '278.08', 24, '60'),
(45, '182.50', 2, '90'),
(46, '238.36', 3, '60'),
(47, '341.64', 10, '90'),
(48, '312.54', 6, '60'),
(49, '294.48', 38, '30'),
(50, '366.53', 49, '2.5 litre'),
(51, '192.83', 15, '200ml'),
(52, '219.64', 33, '500ml glass'),
(53, '233.86', 17, '120ml jar'),
(54, '297.16', 16, '110ml jar'),
(55, '207.08', 48, '22ml'),
(56, '4.00', 15, '200ml glass'),
(57, '231.96', 9, '250ml'),
(58, '271.94', 41, '60'),
(59, '258.36', 39, '200g'),
(60, '270.28', 19, '180'),
(61, '281.68', 11, '60'),
(62, '400.95', 34, 'powder'),
(63, '203.02', 26, 'Powder'),
(64, '200.74', 6, 'Powder'),
(65, '222.40', 8, 'Powder'),
(66, '201.88', 1, 'Powder'),
(67, '158.56', 39, 'Powder'),
(68, '280.54', 18, '60'),
(69, '224.68', 48, '60'),
(70, '249.76', 26, '60'),
(71, '368.40', 3, '60'),
(72, '280.36', 17, '64g (10 servings)'),
(73, '308.78', 36, '90'),
(74, '291.76', 15, '60'),
(75, '264.58', 22, '90'),
(76, '353.50', 8, '60'),
(77, '265.80', 49, '120'),
(78, '294.22', 49, '120'),
(79, '236.08', 39, '30'),
(80, '334.12', 36, '60'),
(81, '367.18', 43, '60'),
(82, '232.66', 7, '60'),
(83, '315.26', 40, '30'),
(84, '201.88', 6, '30'),
(85, '284.22', 31, '0'),
(86, '226.78', 45, '60'),
(87, '186.18', 48, '30'),
(88, '348.87', 17, '1liter'),
(89, '352.36', 19, '90'),
(90, '221.26', 19, '60'),
(91, '277.20', 3, '60'),
(92, '304.48', 20, 'Powder'),
(93, '311.36', 36, '200g'),
(94, '276.94', 36, '60'),
(95, '246.34', 13, '60'),
(96, '225.64', 6, '300mg'),
(97, '254.14', 30, '90\'s'),
(98, '257.74', 49, '90'),
(99, '235.90', 22, '60'),
(100, '145.83', 25, '1 packet'),
(101, '295.18', 10, '30'),
(102, '251.86', 33, '60\'s'),
(103, '632.24', 45, '1'),
(104, '438.82', 5, '60'),
(105, '348.94', 39, '90'),
(106, '328.24', 26, '120'),
(107, '343.24', 6, '120'),
(108, '336.22', 1, '90'),
(109, '250.02', 3, '60'),
(110, '282.82', 45, '240g'),
(111, '140.22', 41, '1packet'),
(112, '2.00', 34, '60'),
(113, '133.38', 13, '35'),
(114, '271.94', 50, 'one month supply'),
(115, '432.94', 44, '60'),
(116, '280.80', 24, '30'),
(117, '285.93', 1, '90'),
(118, '230.38', 6, '60'),
(119, '263.42', 50, '42'),
(120, '269.92', 9, '60'),
(121, '327.80', 42, '30'),
(122, '295.62', 46, '120'),
(123, '372.88', 15, 'Powder - 65 heaped spoons'),
(124, '305.70', 5, '60'),
(125, '205.30', 25, '90'),
(126, '296.14', 12, '60'),
(127, '234.94', 18, '90'),
(128, '251.86', 47, '180'),
(129, '303.60', 47, '60'),
(130, '252.04', 35, '120'),
(131, '332.80', 40, '120'),
(132, '347.88', 16, '90'),
(133, '307.90', 13, '60'),
(134, '261.16', 15, '120'),
(135, '223.80', 10, '60'),
(136, '275.98', 17, '60'),
(137, '235.46', 17, '60'),
(138, '328.94', 26, '90'),
(139, '184.78', 32, '90'),
(140, '263.72', 24, '90\'s'),
(141, '275.98', 7, '120'),
(142, '178.72', 18, '30ml'),
(143, '229.24', 5, '60'),
(144, '233.80', 11, '60'),
(145, '278.08', 40, '500mg 90\'s'),
(146, '290.80', 21, '60'),
(147, '300.32', 42, '60\'s'),
(148, '275.00', 32, '60'),
(149, '288.52', 48, '60'),
(150, '410.50', 49, '120'),
(151, '280.25', 4, '50ml'),
(152, '301.06', 45, '60'),
(153, '263.44', 3, '60'),
(154, '356.56', 19, '180'),
(155, '188.72', 7, '250g'),
(156, '229.06', 31, '100 X 1.5g sachets'),
(157, '302.46', 28, '90'),
(158, '229.81', 10, '60'),
(159, '294.22', 48, '60'),
(160, '334.12', 40, '60'),
(161, '266.86', 20, '60'),
(162, '293.60', 32, 'big bottle'),
(163, '216.70', 43, '50ml'),
(164, '329.56', 24, '60'),
(165, '333.94', 49, '50ml'),
(166, '244.06', 42, '60'),
(167, '261.16', 35, '60'),
(168, '266.16', 29, '60'),
(169, '278.08', 33, '60'),
(170, '271.94', 21, '450g'),
(171, '455.48', 25, '60'),
(172, '250.90', 12, '60'),
(173, '362.62', 5, '180'),
(174, '378.84', 42, '30'),
(175, '361.48', 18, '30'),
(176, '244.06', 11, '60'),
(177, '287.38', 28, '60'),
(178, '262.76', 20, '320ml'),
(179, '340.60', 23, '60'),
(180, '229.06', 4, '60'),
(181, '265.54', 27, ''),
(182, '312.46', 6, '60'),
(183, '318.24', 29, '60'),
(184, '391.38', 19, '30'),
(185, '229.76', 20, 'one month supply'),
(186, '301.06', 4, '60'),
(187, '231.52', 42, '60'),
(188, '192.66', 30, 'Book and chart'),
(189, '199.60', 42, '30'),
(190, '323.24', 31, 'one month supply'),
(191, '352.44', 25, '200g'),
(192, '304.48', 24, '30'),
(193, '266.76', 2, 'Book'),
(194, '289.74', 15, '90'),
(195, '328.94', 7, '48ml'),
(196, '360.86', 14, '30 Sachets'),
(197, '332.36', 5, '30ml'),
(198, '260.28', 37, '50ml'),
(199, '334.38', 26, '30ml'),
(200, '305.88', 12, '15ml'),
(201, '308.16', 45, '50ml'),
(202, '269.40', 46, '100ml'),
(203, '419.88', 29, '50ml'),
(204, '372.70', 25, '15ml'),
(205, '325.52', 10, '35'),
(206, '356.74', 15, '56ml'),
(207, '629.51', 1, '60'),
(208, '312.28', 35, '60'),
(209, '245.20', 21, '60'),
(210, '234.94', 42, 'Powder'),
(211, '280.54', 33, '60'),
(212, '320.96', 28, '90'),
(213, '279.92', 35, '60'),
(214, '263.34', 30, '60ml'),
(215, '307.72', 20, '60'),
(216, '400.24', 12, '90'),
(217, '395.06', 5, '90'),
(218, '270.28', 16, '180'),
(219, '275.10', 23, '180'),
(220, '360.34', 35, '50ml'),
(221, '260.02', 22, '60'),
(222, '362.26', 6, '120ml jar'),
(223, '379.10', 24, 'Powder'),
(224, '345.08', 47, '90'),
(225, '252.61', 31, 'Powder'),
(226, '150.48', 36, '40ml'),
(227, '352.88', 9, '35ml'),
(228, '244.76', 28, '60ml'),
(229, '218.07', 24, '42ml'),
(230, '286.24', 8, '180'),
(231, '388.92', 46, '60'),
(232, '361.30', 8, '60'),
(233, '295.99', 15, '50ml'),
(234, '327.80', 48, '60'),
(235, '269.89', 37, '150g'),
(236, '233.70', 32, '60'),
(237, '212.04', 44, '43ml'),
(238, '260.54', 34, '60'),
(239, '337.54', 36, '30'),
(240, '204.16', 37, '60'),
(241, '281.32', 46, 'Powder'),
(242, '326.66', 5, 'one month supply'),
(243, '195.56', 19, '45'),
(244, '360.34', 49, '180'),
(245, '329.23', 40, 'one month supply'),
(246, '0.00', 0, ''),
(247, '0.00', 0, ''),
(248, '0.00', 0, ''),
(249, '0.00', 0, ''),
(250, '0.00', 0, ''),
(251, '0.00', 0, ''),
(252, '0.00', 0, ''),
(253, '0.00', 0, ''),
(254, '0.00', 0, ''),
(255, '0.00', 0, ''),
(256, '0.00', 0, ''),
(257, '0.00', 0, ''),
(258, '0.00', 0, ''),
(259, '0.00', 0, ''),
(260, '0.00', 0, ''),
(261, '0.00', 0, ''),
(262, '0.00', 0, ''),
(263, '0.00', 0, ''),
(264, '0.00', 0, ''),
(265, '0.00', 0, ''),
(266, '0.00', 0, ''),
(267, '0.00', 0, ''),
(268, '0.00', 0, ''),
(269, '0.00', 0, ''),
(270, '0.00', 0, ''),
(271, '0.00', 0, ''),
(272, '0.00', 0, ''),
(273, '0.00', 0, ''),
(274, '0.00', 0, ''),
(275, '0.00', 0, ''),
(276, '0.00', 0, ''),
(277, '0.00', 0, ''),
(278, '0.00', 0, ''),
(279, '0.00', 0, ''),
(280, '0.00', 0, ''),
(281, '0.00', 0, ''),
(282, '0.00', 0, ''),
(283, '0.00', 0, ''),
(284, '0.00', 0, ''),
(285, '0.00', 0, ''),
(286, '0.00', 0, ''),
(287, '0.00', 0, ''),
(288, '0.00', 0, ''),
(289, '0.00', 0, ''),
(290, '0.00', 0, ''),
(291, '0.00', 0, ''),
(292, '0.00', 0, ''),
(293, '0.00', 0, ''),
(294, '0.00', 0, ''),
(295, '0.00', 0, ''),
(296, '0.00', 0, ''),
(297, '0.00', 0, ''),
(298, '0.00', 0, ''),
(299, '0.00', 0, ''),
(300, '0.00', 0, ''),
(301, '0.00', 0, ''),
(302, '0.00', 0, ''),
(303, '0.00', 0, ''),
(304, '0.00', 0, ''),
(305, '0.00', 0, ''),
(306, '0.00', 0, ''),
(307, '0.00', 0, ''),
(308, '0.00', 0, ''),
(309, '0.00', 0, ''),
(310, '0.00', 0, ''),
(311, '0.00', 0, ''),
(312, '0.00', 0, ''),
(313, '0.00', 0, ''),
(314, '0.00', 0, ''),
(315, '0.00', 0, ''),
(316, '0.00', 0, ''),
(317, '0.00', 0, ''),
(318, '0.00', 0, ''),
(319, '0.00', 0, ''),
(320, '0.00', 0, ''),
(321, '0.00', 0, ''),
(322, '0.00', 0, ''),
(323, '0.00', 0, ''),
(324, '0.00', 0, ''),
(325, '0.00', 0, ''),
(326, '0.00', 0, ''),
(327, '0.00', 0, ''),
(328, '0.00', 0, ''),
(329, '0.00', 0, ''),
(330, '0.00', 0, ''),
(331, '0.00', 0, ''),
(332, '0.00', 0, ''),
(333, '0.00', 0, ''),
(334, '0.00', 0, ''),
(335, '0.00', 0, ''),
(336, '0.00', 0, ''),
(337, '0.00', 0, ''),
(338, '0.00', 0, ''),
(339, '0.00', 0, ''),
(340, '0.00', 0, ''),
(341, '0.00', 0, ''),
(342, '0.00', 0, ''),
(343, '0.00', 0, ''),
(344, '0.00', 0, ''),
(345, '0.00', 0, ''),
(346, '0.00', 0, ''),
(347, '0.00', 0, ''),
(348, '0.00', 0, ''),
(349, '0.00', 0, ''),
(350, '0.00', 0, ''),
(351, '0.00', 0, ''),
(352, '0.00', 0, ''),
(353, '0.00', 0, ''),
(354, '0.00', 0, ''),
(355, '0.00', 0, ''),
(356, '0.00', 0, ''),
(357, '0.00', 0, ''),
(358, '0.00', 0, ''),
(359, '0.00', 0, ''),
(360, '0.00', 0, ''),
(361, '0.00', 0, ''),
(362, '0.00', 0, ''),
(363, '0.00', 0, ''),
(364, '0.00', 0, ''),
(365, '0.00', 0, ''),
(366, '0.00', 0, ''),
(367, '0.00', 0, ''),
(368, '0.00', 0, ''),
(369, '0.00', 0, ''),
(370, '0.00', 0, ''),
(371, '0.00', 0, ''),
(372, '0.00', 0, ''),
(373, '0.00', 0, ''),
(374, '0.00', 0, ''),
(375, '0.00', 0, ''),
(376, '0.00', 0, ''),
(377, '0.00', 0, ''),
(378, '0.00', 0, ''),
(379, '0.00', 0, ''),
(380, '0.00', 0, ''),
(381, '0.00', 0, ''),
(382, '0.00', 0, ''),
(383, '0.00', 0, ''),
(384, '0.00', 0, ''),
(385, '0.00', 0, ''),
(386, '0.00', 0, ''),
(387, '0.00', 0, ''),
(388, '0.00', 0, ''),
(389, '0.00', 0, ''),
(390, '0.00', 0, ''),
(391, '0.00', 0, ''),
(392, '0.00', 0, ''),
(393, '0.00', 0, ''),
(394, '0.00', 0, ''),
(395, '0.00', 0, ''),
(396, '0.00', 0, ''),
(397, '0.00', 0, ''),
(398, '0.00', 0, ''),
(399, '0.00', 0, ''),
(400, '0.00', 0, ''),
(401, '0.00', 0, ''),
(402, '0.00', 0, ''),
(403, '0.00', 0, ''),
(404, '0.00', 0, ''),
(405, '0.00', 0, ''),
(406, '0.00', 0, ''),
(407, '0.00', 0, ''),
(408, '0.00', 0, ''),
(409, '0.00', 0, ''),
(410, '0.00', 0, ''),
(411, '0.00', 0, ''),
(412, '0.00', 0, ''),
(413, '0.00', 0, ''),
(414, '0.00', 0, ''),
(415, '0.00', 0, ''),
(416, '0.00', 0, ''),
(417, '0.00', 0, ''),
(418, '0.00', 0, ''),
(419, '0.00', 0, ''),
(420, '0.00', 0, ''),
(421, '0.00', 0, ''),
(422, '0.00', 0, ''),
(423, '0.00', 0, ''),
(424, '0.00', 0, ''),
(425, '0.00', 0, ''),
(426, '0.00', 0, ''),
(427, '0.00', 0, ''),
(428, '0.00', 0, ''),
(429, '0.00', 0, ''),
(430, '0.00', 0, ''),
(431, '0.00', 0, ''),
(432, '0.00', 0, ''),
(433, '0.00', 0, ''),
(434, '0.00', 0, ''),
(435, '0.00', 0, ''),
(436, '0.00', 0, ''),
(437, '0.00', 0, ''),
(438, '0.00', 0, ''),
(439, '0.00', 0, ''),
(440, '0.00', 0, ''),
(441, '0.00', 0, ''),
(442, '0.00', 0, ''),
(443, '0.00', 0, ''),
(444, '0.00', 0, ''),
(445, '0.00', 0, ''),
(446, '0.00', 0, ''),
(447, '0.00', 0, ''),
(448, '0.00', 0, ''),
(449, '0.00', 0, ''),
(450, '0.00', 0, ''),
(451, '0.00', 0, ''),
(452, '0.00', 0, ''),
(453, '0.00', 0, ''),
(454, '0.00', 0, ''),
(455, '0.00', 0, ''),
(456, '0.00', 0, ''),
(457, '0.00', 0, ''),
(458, '0.00', 0, ''),
(459, '0.00', 0, ''),
(460, '0.00', 0, ''),
(461, '0.00', 0, ''),
(462, '0.00', 0, ''),
(463, '0.00', 0, ''),
(464, '0.00', 0, ''),
(465, '0.00', 0, ''),
(466, '0.00', 0, ''),
(467, '0.00', 0, ''),
(468, '0.00', 0, ''),
(469, '0.00', 0, ''),
(470, '0.00', 0, ''),
(471, '0.00', 0, ''),
(472, '0.00', 0, ''),
(473, '0.00', 0, ''),
(474, '0.00', 0, ''),
(475, '0.00', 0, ''),
(476, '0.00', 0, ''),
(477, '0.00', 0, ''),
(478, '0.00', 0, ''),
(479, '0.00', 0, ''),
(480, '0.00', 0, ''),
(481, '0.00', 0, ''),
(482, '0.00', 0, ''),
(483, '0.00', 0, ''),
(484, '0.00', 0, ''),
(485, '0.00', 0, ''),
(486, '0.00', 0, ''),
(487, '0.00', 0, ''),
(488, '0.00', 0, ''),
(489, '0.00', 0, ''),
(490, '0.00', 0, ''),
(491, '0.00', 0, ''),
(492, '0.00', 0, ''),
(493, '0.00', 0, ''),
(494, '0.00', 0, ''),
(495, '0.00', 0, ''),
(496, '0.00', 0, ''),
(497, '0.00', 0, ''),
(498, '0.00', 0, ''),
(499, '0.00', 0, ''),
(500, '0.00', 0, ''),
(501, '0.00', 0, ''),
(502, '0.00', 0, ''),
(503, '0.00', 0, ''),
(504, '0.00', 0, ''),
(505, '0.00', 0, ''),
(506, '0.00', 0, ''),
(507, '0.00', 0, ''),
(508, '0.00', 0, ''),
(509, '0.00', 0, ''),
(510, '0.00', 0, ''),
(511, '0.00', 0, ''),
(512, '0.00', 0, ''),
(513, '0.00', 0, ''),
(514, '0.00', 0, ''),
(515, '0.00', 0, ''),
(516, '0.00', 0, ''),
(517, '0.00', 0, ''),
(518, '0.00', 0, ''),
(519, '0.00', 0, ''),
(520, '0.00', 0, ''),
(521, '0.00', 0, ''),
(522, '0.00', 0, ''),
(523, '0.00', 0, ''),
(524, '0.00', 0, ''),
(525, '0.00', 0, ''),
(526, '0.00', 0, ''),
(527, '0.00', 0, ''),
(528, '0.00', 0, ''),
(529, '0.00', 0, ''),
(530, '0.00', 0, ''),
(531, '0.00', 0, ''),
(532, '0.00', 0, ''),
(533, '0.00', 0, ''),
(534, '0.00', 0, ''),
(535, '0.00', 0, ''),
(536, '0.00', 0, ''),
(537, '0.00', 0, ''),
(538, '0.00', 0, ''),
(539, '0.00', 0, ''),
(540, '0.00', 0, ''),
(541, '0.00', 0, ''),
(542, '0.00', 0, ''),
(543, '0.00', 0, ''),
(544, '0.00', 0, ''),
(545, '0.00', 0, ''),
(546, '0.00', 0, ''),
(547, '0.00', 0, ''),
(548, '0.00', 0, ''),
(549, '0.00', 0, ''),
(550, '0.00', 0, ''),
(551, '0.00', 0, ''),
(552, '0.00', 0, ''),
(553, '0.00', 0, ''),
(554, '0.00', 0, ''),
(555, '0.00', 0, ''),
(556, '0.00', 0, ''),
(557, '0.00', 0, ''),
(558, '0.00', 0, ''),
(559, '0.00', 0, ''),
(560, '0.00', 0, ''),
(561, '0.00', 0, ''),
(562, '0.00', 0, ''),
(563, '0.00', 0, ''),
(564, '0.00', 0, ''),
(565, '0.00', 0, ''),
(566, '0.00', 0, ''),
(567, '0.00', 0, ''),
(568, '0.00', 0, ''),
(569, '0.00', 0, ''),
(570, '0.00', 0, ''),
(571, '0.00', 0, ''),
(572, '0.00', 0, ''),
(573, '0.00', 0, ''),
(574, '0.00', 0, ''),
(575, '0.00', 0, ''),
(576, '0.00', 0, ''),
(577, '0.00', 0, ''),
(578, '0.00', 0, ''),
(579, '0.00', 0, ''),
(580, '0.00', 0, ''),
(581, '0.00', 0, ''),
(582, '0.00', 0, ''),
(583, '0.00', 0, ''),
(584, '0.00', 0, ''),
(585, '0.00', 0, ''),
(586, '0.00', 0, ''),
(587, '0.00', 0, ''),
(588, '0.00', 0, ''),
(589, '0.00', 0, ''),
(590, '0.00', 0, ''),
(591, '0.00', 0, ''),
(592, '0.00', 0, ''),
(593, '0.00', 0, ''),
(594, '0.00', 0, ''),
(595, '0.00', 0, ''),
(596, '0.00', 0, ''),
(597, '0.00', 0, ''),
(598, '0.00', 0, ''),
(599, '0.00', 0, ''),
(600, '0.00', 0, ''),
(601, '0.00', 0, ''),
(602, '0.00', 0, ''),
(603, '0.00', 0, ''),
(604, '0.00', 0, ''),
(605, '0.00', 0, ''),
(606, '0.00', 0, ''),
(607, '0.00', 0, ''),
(608, '0.00', 0, ''),
(609, '0.00', 0, ''),
(610, '0.00', 0, ''),
(611, '0.00', 0, ''),
(612, '0.00', 0, ''),
(613, '0.00', 0, ''),
(614, '0.00', 0, '');

-- --------------------------------------------------------

--
-- Table structure for table `suppliment_category`
--

CREATE TABLE `suppliment_category` (
  `Suppliment_cat_id` int(11) NOT NULL,
  `Suppliment_cat_name` varchar(50) DEFAULT NULL,
  `Suppliment_id` int(11) DEFAULT NULL
) ENGINE=InnoDB DEFAULT CHARSET=latin1;

--
-- Dumping data for table `suppliment_category`
--

INSERT INTO `suppliment_category` (`Suppliment_cat_id`, `Suppliment_cat_name`, `Suppliment_id`) VALUES
(1, 'Protein Spplement', 1),
(2, 'Heart  Supplement', 3),
(3, 'Liver  Supplement', 2),
(4, 'Weight Loss', 4),
(5, 'Eye Sight Supplement', 5),
(6, 'Muscle Suppliment', 6),
(7, 'Protein Spplement', 7),
(8, 'Heart  Supplement', 9),
(9, 'Weight Loss', 10),
(10, 'Eye Sight Supplement', 11),
(11, 'Muscle Suppliment', 12),
(12, 'Protein Spplement', 13),
(13, 'Liver  Supplement', 14),
(14, 'Heart  Supplement', 15),
(15, 'Weight Loss', 16),
(16, 'Eye Sight Supplement', 17),
(17, 'Protein Spplement', 19),
(18, 'Liver  Supplement', 20),
(19, 'HeartBurn', 83),
(253, '', 0),
(254, '', 0),
(255, '', 0),
(256, '', 0),
(257, 'Vitamin suppliment', 256),
(258, '', 0),
(259, '', 0),
(260, '', 0),
(261, '', 0),
(262, '', 0),
(263, '', 0),
(264, '', 0),
(265, '', 0),
(266, '', 0),
(267, '', 0),
(268, '', 0),
(269, '', 0),
(270, '', 0),
(271, '', 0),
(272, '', 0),
(273, '', 0),
(274, '', 0),
(275, '', 0),
(276, '', 0),
(277, '', 0),
(278, '', 0),
(279, '', 0),
(280, '', 0),
(281, '', 0),
(282, '', 0),
(283, '', 0),
(284, '', 0),
(285, '', 0),
(286, '', 0),
(287, '', 0),
(288, '', 0),
(289, '', 0),
(290, '', 0),
(291, '', 0),
(292, '', 0),
(293, '', 0),
(294, '', 0),
(295, '', 0),
(296, '', 0),
(297, '', 0),
(298, '', 0),
(299, '', 0),
(300, '', 0),
(301, '', 0),
(302, '', 0),
(303, '', 0),
(304, '', 0),
(305, '', 0),
(306, '', 0),
(307, '', 0),
(308, '', 0),
(309, '', 0),
(310, '', 0),
(311, '', 0),
(312, '', 0),
(313, '', 0),
(314, '', 0),
(315, '', 0),
(316, '', 0),
(317, '', 0),
(318, '', 0),
(319, '', 0),
(320, '', 0),
(321, '', 0),
(322, '', 0),
(323, '', 0),
(324, '', 0),
(325, '', 0),
(326, '', 0),
(327, '', 0),
(328, '', 0),
(329, '', 0),
(330, '', 0),
(331, '', 0),
(332, '', 0),
(333, '', 0),
(334, '', 0),
(335, '', 0),
(336, '', 0),
(337, '', 0),
(338, '', 0),
(339, '', 0),
(340, '', 0),
(341, '', 0),
(342, '', 0),
(343, '', 0),
(344, '', 0),
(345, '', 0),
(346, '', 0),
(347, '', 0),
(348, '', 0),
(349, '', 0),
(350, '', 0),
(351, '', 0),
(352, '', 0),
(353, '', 0),
(354, '', 0),
(355, '', 0),
(356, '', 0),
(357, '', 0),
(358, '', 0),
(359, '', 0),
(360, '', 0),
(361, '', 0),
(362, '', 0),
(363, '', 0),
(364, '', 0),
(365, '', 0),
(366, '', 0),
(367, '', 0),
(368, '', 0),
(369, '', 0),
(370, '', 0),
(371, '', 0),
(372, '', 0),
(373, '', 0),
(374, '', 0),
(375, '', 0),
(376, '', 0),
(377, '', 0),
(378, '', 0),
(379, '', 0),
(380, '', 0),
(381, '', 0),
(382, '', 0),
(383, '', 0),
(384, '', 0),
(385, '', 0),
(386, '', 0),
(387, '', 0),
(388, '', 0),
(389, '', 0),
(390, '', 0),
(391, '', 0),
(392, '', 0),
(393, '', 0),
(394, '', 0),
(395, '', 0),
(396, '', 0),
(397, '', 0),
(398, '', 0),
(399, '', 0),
(400, '', 0),
(401, '', 0),
(402, '', 0),
(403, '', 0),
(404, '', 0),
(405, '', 0),
(406, '', 0),
(407, '', 0),
(408, '', 0),
(409, '', 0),
(410, '', 0),
(411, '', 0),
(412, '', 0),
(413, '', 0),
(414, '', 0),
(415, '', 0),
(416, '', 0),
(417, '', 0),
(418, '', 0),
(419, '', 0),
(420, '', 0),
(421, '', 0),
(422, '', 0),
(423, '', 0),
(424, '', 0),
(425, '', 0),
(426, '', 0),
(427, '', 0),
(428, '', 0),
(429, '', 0),
(430, '', 0),
(431, '', 0),
(432, '', 0),
(433, '', 0),
(434, '', 0),
(435, '', 0),
(436, '', 0),
(437, '', 0),
(438, '', 0),
(439, '', 0),
(440, '', 0),
(441, '', 0),
(442, '', 0),
(443, '', 0),
(444, '', 0),
(445, '', 0),
(446, '', 0),
(447, '', 0),
(448, '', 0),
(449, '', 0),
(450, '', 0),
(451, '', 0),
(452, '', 0),
(453, '', 0),
(454, '', 0),
(455, '', 0),
(456, '', 0),
(457, '', 0),
(458, '', 0),
(459, '', 0),
(460, '', 0),
(461, '', 0),
(462, '', 0),
(463, '', 0),
(464, '', 0),
(465, '', 0),
(466, '', 0),
(467, '', 0),
(468, '', 0),
(469, '', 0);

-- --------------------------------------------------------

--
-- Table structure for table `suppliment_supplier`
--

CREATE TABLE `suppliment_supplier` (
  `Supplier_id` int(1) NOT NULL,
  `Supplier_Name` varchar(40) DEFAULT NULL,
  `Supplier_Address` varchar(60) DEFAULT NULL,
  `Supplier_Phone` varchar(10) DEFAULT NULL,
  `Supplier_Email` varchar(40) DEFAULT NULL,
  `Suppliment_id` int(11) DEFAULT NULL
) ENGINE=InnoDB DEFAULT CHARSET=latin1;

--
-- Dumping data for table `suppliment_supplier`
--

INSERT INTO `suppliment_supplier` (`Supplier_id`, `Supplier_Name`, `Supplier_Address`, `Supplier_Phone`, `Supplier_Email`, `Suppliment_id`) VALUES
(494, 'John Adams', '123 Brooke Drive Gauteng 2234', '0118630056', 'johnadams@suppliera.co.za', 1),
(495, 'Mary Nkosi', '567 Nillet Road  Resevoir Hills Durban 4091', '0118949004', 'mary@webmail.com', 2),
(496, 'Ben Macktosh', '567  Nandi Drive Durban North 5390', '0124562345', 'ben@mweb.co.za', 3),
(497, 'Freddy Nell', '391 Sipkazi Drive Ulundi Durban 5412', '0315675673', 'freddnell@gmail.com', 4),
(498, 'Linda', '453 Munro Drive Pinetown 3620', '0115431136', 'suppliere@absamail.co.za', 5),
(499, 'John or Gert', '456 Old Main Road Pinetown 3620', '0127663333', 'johnmalan@mweb.co.za', 6),
(500, 'Joice Mkhize', '23 Stare road Sonia Pinetown 5680', '0312624821', 'joice@hotmail.com', 7),
(501, 'Lorraine Roille', '56 Thert Avenue westiville 4590', '0313455678', 'lorrainero@gmail.com', 8),
(502, 'Trace Russels', '78 Staaton Road Hillview Gauteng 3456', '0114565432', 'trace@mweb.co.za', 9),
(503, 'Liz Benjamin', '34 Feelir Road Pretoria 8906 ', '0115679876', 'lizbenjamin@gmail.com', 10),
(504, 'Sue Chetty', '90 Sterling Street Port Elizabeth 4590', '0413243421', 'chetty@hotmail.com', 11),
(505, 'Browny shirpley', '35 Troit Road Malven durban', '0313453789', 'shirpley@mweb.co.za', 12),
(506, 'Jane Latigan', '56 Veira Road Gauteng West 6789', '0112872943', 'jlatigan@gmail.com', 13),
(507, 'Thomas Moree', '43 Munro Drive Resvoir Hills durban 4091', '0317231054', 'thomasm@msn.com', 14),
(508, 'Alice Ritson', '13 Burlington Road Durban north durban 4053', '0319762012', 'ristona@hotmail.com', 15),
(509, 'James Tom', '49 Retre Road Limpompo 4078', '0411002121', 'jamestom@gmail.com', 16),
(510, 'Sarah Roux', '65 Veiry Street Durban North 4053', '0310222323', 'rouxsarah@msn.com', 17),
(511, 'Paula Tedder', '87 Fillar Road Overport Durban 4062', '0210985678', 'paultedder@webmail.com', 18),
(512, 'Cherly Timm', '71 Annette drive Capetown 3076', '0214560987', 'timmcheryl@mweb.coza', 19),
(513, 'Fion Siims', '27 Viesta street Limpmpo 4078', '0413214521', 'fionasiims@hotmail.com', 20),
(514, '', '', '', '', 0),
(515, '', '', '', '', 0),
(516, '', '', '', '', 0),
(517, '', '', '', '', 0),
(518, '', '', '', '', 0),
(519, '', '', '', '', 0),
(520, '', '', '', '', 0),
(521, '', '', '', '', 0),
(522, '', '', '', '', 0),
(523, '', '', '', '', 0),
(524, '', '', '', '', 0),
(525, '', '', '', '', 0),
(526, '', '', '', '', 0),
(527, '', '', '', '', 0),
(528, '', '', '', '', 0),
(529, '', '', '', '', 0),
(530, '', '', '', '', 0),
(531, '', '', '', '', 0),
(532, '', '', '', '', 0),
(533, '', '', '', '', 0),
(534, '', '', '', '', 0),
(535, '', '', '', '', 0),
(536, '', '', '', '', 0),
(537, '', '', '', '', 0),
(538, '', '', '', '', 0),
(539, '', '', '', '', 0),
(540, '', '', '', '', 0),
(541, '', '', '', '', 0),
(542, '', '', '', '', 0),
(543, '', '', '', '', 0),
(544, '', '', '', '', 0),
(545, '', '', '', '', 0),
(546, '', '', '', '', 0),
(547, '', '', '', '', 0),
(548, '', '', '', '', 0),
(549, '', '', '', '', 0),
(550, '', '', '', '', 0),
(551, '', '', '', '', 0),
(552, '', '', '', '', 0),
(553, '', '', '', '', 0),
(554, '', '', '', '', 0),
(555, '', '', '', '', 0),
(556, '', '', '', '', 0),
(557, '', '', '', '', 0),
(558, '', '', '', '', 0),
(559, '', '', '', '', 0),
(560, '', '', '', '', 0),
(561, '', '', '', '', 0),
(562, '', '', '', '', 0),
(563, '', '', '', '', 0),
(564, '', '', '', '', 0),
(565, '', '', '', '', 0),
(566, '', '', '', '', 0),
(567, '', '', '', '', 0),
(568, '', '', '', '', 0),
(569, '', '', '', '', 0),
(570, '', '', '', '', 0),
(571, '', '', '', '', 0),
(572, '', '', '', '', 0),
(573, '', '', '', '', 0),
(574, '', '', '', '', 0),
(575, '', '', '', '', 0),
(576, '', '', '', '', 0),
(577, '', '', '', '', 0),
(578, '', '', '', '', 0),
(579, '', '', '', '', 0),
(580, '', '', '', '', 0),
(581, '', '', '', '', 0),
(582, '', '', '', '', 0),
(583, '', '', '', '', 0),
(584, '', '', '', '', 0),
(585, '', '', '', '', 0),
(586, '', '', '', '', 0),
(587, '', '', '', '', 0),
(588, '', '', '', '', 0),
(589, '', '', '', '', 0),
(590, '', '', '', '', 0),
(591, '', '', '', '', 0),
(592, '', '', '', '', 0),
(593, '', '', '', '', 0),
(594, '', '', '', '', 0),
(595, '', '', '', '', 0),
(596, '', '', '', '', 0),
(597, '', '', '', '', 0),
(598, '', '', '', '', 0),
(599, '', '', '', '', 0),
(600, '', '', '', '', 0),
(601, '', '', '', '', 0),
(602, '', '', '', '', 0),
(603, '', '', '', '', 0),
(604, '', '', '', '', 0),
(605, '', '', '', '', 0),
(606, '', '', '', '', 0),
(607, '', '', '', '', 0),
(608, '', '', '', '', 0),
(609, '', '', '', '', 0),
(610, '', '', '', '', 0),
(611, '', '', '', '', 0),
(612, '', '', '', '', 0),
(613, '', '', '', '', 0),
(614, '', '', '', '', 0),
(615, '', '', '', '', 0),
(616, '', '', '', '', 0),
(617, '', '', '', '', 0),
(618, '', '', '', '', 0),
(619, '', '', '', '', 0),
(620, '', '', '', '', 0),
(621, '', '', '', '', 0),
(622, '', '', '', '', 0),
(623, '', '', '', '', 0),
(624, '', '', '', '', 0),
(625, '', '', '', '', 0),
(626, '', '', '', '', 0),
(627, '', '', '', '', 0),
(628, '', '', '', '', 0),
(629, '', '', '', '', 0),
(630, '', '', '', '', 0),
(631, '', '', '', '', 0),
(632, '', '', '', '', 0),
(633, '', '', '', '', 0),
(634, '', '', '', '', 0),
(635, '', '', '', '', 0),
(636, '', '', '', '', 0),
(637, '', '', '', '', 0),
(638, '', '', '', '', 0),
(639, '', '', '', '', 0),
(640, '', '', '', '', 0),
(641, '', '', '', '', 0),
(642, '', '', '', '', 0),
(643, '', '', '', '', 0),
(644, '', '', '', '', 0),
(645, '', '', '', '', 0),
(646, '', '', '', '', 0),
(647, '', '', '', '', 0),
(648, '', '', '', '', 0),
(649, '', '', '', '', 0),
(650, '', '', '', '', 0),
(651, '', '', '', '', 0),
(652, '', '', '', '', 0),
(653, '', '', '', '', 0),
(654, '', '', '', '', 0),
(655, '', '', '', '', 0),
(656, '', '', '', '', 0),
(657, '', '', '', '', 0),
(658, '', '', '', '', 0),
(659, '', '', '', '', 0),
(660, '', '', '', '', 0),
(661, '', '', '', '', 0),
(662, '', '', '', '', 0),
(663, '', '', '', '', 0),
(664, '', '', '', '', 0),
(665, '', '', '', '', 0),
(666, '', '', '', '', 0),
(667, '', '', '', '', 0),
(668, '', '', '', '', 0),
(669, '', '', '', '', 0),
(670, '', '', '', '', 0),
(671, '', '', '', '', 0),
(672, '', '', '', '', 0),
(673, '', '', '', '', 0),
(674, '', '', '', '', 0),
(675, '', '', '', '', 0),
(676, '', '', '', '', 0),
(677, '', '', '', '', 0),
(678, '', '', '', '', 0),
(679, '', '', '', '', 0),
(680, '', '', '', '', 0),
(681, '', '', '', '', 0),
(682, '', '', '', '', 0),
(683, '', '', '', '', 0),
(684, '', '', '', '', 0),
(685, '', '', '', '', 0),
(686, '', '', '', '', 0),
(687, '', '', '', '', 0),
(688, '', '', '', '', 0),
(689, '', '', '', '', 0),
(690, '', '', '', '', 0),
(691, '', '', '', '', 0),
(692, '', '', '', '', 0),
(693, '', '', '', '', 0),
(694, '', '', '', '', 0),
(695, '', '', '', '', 0),
(696, '', '', '', '', 0),
(697, '', '', '', '', 0),
(698, '', '', '', '', 0),
(699, '', '', '', '', 0),
(700, '', '', '', '', 0),
(701, '', '', '', '', 0),
(702, '', '', '', '', 0),
(703, '', '', '', '', 0),
(704, '', '', '', '', 0),
(705, '', '', '', '', 0),
(706, '', '', '', '', 0),
(707, '', '', '', '', 0),
(708, '', '', '', '', 0),
(709, '', '', '', '', 0),
(710, '', '', '', '', 0),
(711, '', '', '', '', 0),
(712, '', '', '', '', 0),
(713, '', '', '', '', 0),
(714, '', '', '', '', 0),
(715, '', '', '', '', 0),
(716, '', '', '', '', 0),
(717, '', '', '', '', 0),
(718, '', '', '', '', 0),
(719, '', '', '', '', 0),
(720, '', '', '', '', 0),
(721, '', '', '', '', 0),
(722, '', '', '', '', 0),
(723, '', '', '', '', 0),
(724, '', '', '', '', 0),
(725, '', '', '', '', 0),
(726, '', '', '', '', 0),
(727, '', '', '', '', 0),
(728, '', '', '', '', 0),
(729, '', '', '', '', 0),
(730, '', '', '', '', 0),
(731, '', '', '', '', 0),
(732, '', '', '', '', 0),
(733, '', '', '', '', 0),
(734, '', '', '', '', 0),
(735, '', '', '', '', 0),
(736, '', '', '', '', 0),
(737, '', '', '', '', 0),
(738, '', '', '', '', 0);

--
-- Indexes for dumped tables
--

--
-- Indexes for table `booking_info`
--
ALTER TABLE `booking_info`
  ADD PRIMARY KEY (`Appoint_id`),
  ADD KEY `Client_id` (`Client_id`),
  ADD KEY `hcp_id` (`hcp_id`),
  ADD KEY `consult_id` (`consult_id`);

--
-- Indexes for table `client`
--
ALTER TABLE `client`
  ADD PRIMARY KEY (`Client_id`);

--
-- Indexes for table `consultation`
--
ALTER TABLE `consultation`
  ADD PRIMARY KEY (`Consult_id`);

--
-- Indexes for table `hcp`
--
ALTER TABLE `hcp`
  ADD PRIMARY KEY (`HCP_id`);

--
-- Indexes for table `invoice`
--
ALTER TABLE `invoice`
  ADD PRIMARY KEY (`Invoice_id`),
  ADD KEY `Client_id` (`Client_id`);

--
-- Indexes for table `suppliment`
--
ALTER TABLE `suppliment`
  ADD PRIMARY KEY (`Suppliment_id`);

--
-- Indexes for table `suppliment_category`
--
ALTER TABLE `suppliment_category`
  ADD PRIMARY KEY (`Suppliment_cat_id`),
  ADD KEY `Suppliment_id` (`Suppliment_id`);

--
-- Indexes for table `suppliment_supplier`
--
ALTER TABLE `suppliment_supplier`
  ADD PRIMARY KEY (`Supplier_id`),
  ADD KEY `Suppliment_id` (`Suppliment_id`);

--
-- AUTO_INCREMENT for dumped tables
--

--
-- AUTO_INCREMENT for table `booking_info`
--
ALTER TABLE `booking_info`
  MODIFY `Appoint_id` int(11) NOT NULL AUTO_INCREMENT, AUTO_INCREMENT=783;

--
-- AUTO_INCREMENT for table `consultation`
--
ALTER TABLE `consultation`
  MODIFY `Consult_id` int(11) NOT NULL AUTO_INCREMENT, AUTO_INCREMENT=1517;

--
-- AUTO_INCREMENT for table `invoice`
--
ALTER TABLE `invoice`
  MODIFY `Invoice_id` int(11) NOT NULL AUTO_INCREMENT, AUTO_INCREMENT=708;

--
-- AUTO_INCREMENT for table `suppliment`
--
ALTER TABLE `suppliment`
  MODIFY `Suppliment_id` int(11) NOT NULL AUTO_INCREMENT, AUTO_INCREMENT=615;

--
-- AUTO_INCREMENT for table `suppliment_category`
--
ALTER TABLE `suppliment_category`
  MODIFY `Suppliment_cat_id` int(11) NOT NULL AUTO_INCREMENT, AUTO_INCREMENT=470;

--
-- AUTO_INCREMENT for table `suppliment_supplier`
--
ALTER TABLE `suppliment_supplier`
  MODIFY `Supplier_id` int(1) NOT NULL AUTO_INCREMENT, AUTO_INCREMENT=739;
COMMIT;

/*!40101 SET CHARACTER_SET_CLIENT=@OLD_CHARACTER_SET_CLIENT */;
/*!40101 SET CHARACTER_SET_RESULTS=@OLD_CHARACTER_SET_RESULTS */;
/*!40101 SET COLLATION_CONNECTION=@OLD_COLLATION_CONNECTION */;
